PADDOCK_ID,YEAR,R2,RMSE,MAE,SMAPE,Time Usage,Memory Usage,minSEA,W_GV,ST1,ST2,NI,WHC,WR,maxSEA,alpha_PAR,T0,T1,T2,beta_T,b_IN,SLA,LLS,rho_GV,percentLAM,W_GR,a_IN,max_fIN,rho_GR,W_DV,K_DV,KI_DV,rho_DV,W_DR,K_DR,KI_DR,rho_DR,init_AGE_GV,init_AGE_GR,init_AGE_DV,init_AGE_DR,RUEmax,gammaGV,gammaGR,maxOMDgv,minOMDgv,maxOMDgr,minOMDgr,meanOMDdv,meanOMDdr,cellSurface
F3C1295C199D6DBF36F3F182643094199E78E5BFC01963EB75986AF776068E8E,2024,0.784936036,479.8183127,365.1908089,33.62032794,476.47 s,136.19 MB,0.89,1069.333333,882.5,1633.9,0.82,333,137,1.11,0.051,2.2,12.5,28,0,0,0.033,1891,0,0.78,0,0,0,0,0,0.0026,0.0039,0,0,0,0,0,0,0,0,0,2.42,0.6,0,0,0,0,0,0,0,0
F3C1295C199D6DBF36F3F182643094199E78E5BFC01963EB75986AF776068E8E,2023,0.844180315,412.1383993,310.3525455,36.05579363,439.24 s,163.92 MB,1,1069.333333,629.8,1710.8,1.18,246,143,1,0.053,2.9,12.2,26.9,0,0,0.033,1781,0,0.77,0,0,0,0,0,0.0026,0.0038,0,0,0,0,0,0,0,0,0,1.5,0.58,0,0,0,0,0,0,0,0
F3C1295C199D6DBF36F3F182643094199E78E5BFC01963EB75986AF776068E8E,2022,0.897457064,317.691909,218.3359786,35.46478745,354.04 s,141.55 MB,0.95,1069.333333,715.5,1314.7,1.1,288,133,1.05,0.053,2.2,14.2,27,0,0,0.032,1793,0,0.77,0,0,0,0,0,0.0036,0.0037,0,0,0,0,0,0,0,0,0,2.3,0.51,0,0,0,0,0,0,0,0
F010A95100BC8494859455418781F38A05BA53A3DDD7F96710D42EE3BFC5E401,2024,0.759083421,438.9464793,339.6814172,29.04966008,478.44 s,136.27 MB,0.94,325.333333,923.2,1798.7,1.13,242,237,1.06,0.053,4.6,14.2,26.7,0,0,0.03,2017,0,0.78,0,0,0,0,0,0.0031,0.004,0,0,0,0,0,0,0,0,0,1.97,0.56,0,0,0,0,0,0,0,0
F010A95100BC8494859455418781F38A05BA53A3DDD7F96710D42EE3BFC5E401,2023,0.786853153,412.2461133,305.730041,32.98586964,454.76 s,158.33 MB,1,325.333333,610.4,1260.2,0.77,214,208,1,0.052,4.7,14.2,26.4,0,0,0.033,564,0,0.77,0,0,0,0,0,0.0024,0.0006,0,0,0,0,0,0,0,0,0,2.45,0.6,0,0,0,0,0,0,0,0
F010A95100BC8494859455418781F38A05BA53A3DDD7F96710D42EE3BFC5E401,2022,0.839302873,347.679895,256.984658,33.70567954,367.41 s,142.11 MB,0.93,325.333333,965,1755.3,0.93,242,157,1.07,0.05,5,14.9,26.9,0,0,0.032,1821,0,0.78,0,0,0,0,0,0.0038,0.004,0,0,0,0,0,0,0,0,0,2.96,0.49,0,0,0,0,0,0,0,0
EED9E29633A79D89274B8B02DE3D7DC7A351063B9AC6F733E45F8F8A23CC7DA5,2024,0.671485303,455.3471924,350.3843367,35.02321738,476.91 s,134.84 MB,1,915,802.5,1594.7,0.65,369,353,1,0.038,3.2,8.6,22.5,0,0,0.033,530,0,0.78,0,0,0,0,0,0.0011,0.0021,0,0,0,0,0,0,0,0,0,1.54,0.6,0,0,0,0,0,0,0,0
EED9E29633A79D89274B8B02DE3D7DC7A351063B9AC6F733E45F8F8A23CC7DA5,2023,0.712019893,457.5949345,341.9328269,39.55172135,449.21 s,157.64 MB,1,915,648.2,1563.8,0.78,367,356,1,0.055,4.4,8.2,25.6,0,0,0.031,536,0,0.78,0,0,0,0,0,0.001,0.0023,0,0,0,0,0,0,0,0,0,1.35,0.6,0,0,0,0,0,0,0,0
EED9E29633A79D89274B8B02DE3D7DC7A351063B9AC6F733E45F8F8A23CC7DA5,2022,0.886842189,296.7610869,250.0989742,43.0128199,368.43 s,138.06 MB,0.96,915,983.1,1223.2,1.03,316,308,1.04,0.055,3.8,8.7,27.5,0,0,0.033,500,0,0.78,0,0,0,0,0,0.002,0.0006,0,0,0,0,0,0,0,0,0,1.32,0.59,0,0,0,0,0,0,0,0
EE2E3161702D050DA2DE85EB49287B6C94030CE38D36773CE8CCB91EABABFD4A,2024,0.793366695,376.1363615,281.7815458,61.4776767,482.47 s,135.17 MB,0.8,539.666667,600.6,1815.8,0.57,449,438,1.2,0.055,3.8,8.6,18.2,0,0,0.033,500,0,0.76,0,0,0,0,0,0.001,0.0027,0,0,0,0,0,0,0,0,0,2.36,0.49,0,0,0,0,0,0,0,0
EE2E3161702D050DA2DE85EB49287B6C94030CE38D36773CE8CCB91EABABFD4A,2023,0.82297869,353.5631127,255.2222499,69.81588588,455.66 s,155.7 MB,1,539.666667,902,1648.2,1.16,392,384,1,0.053,3.8,9.2,19,0,0,0.033,500,0,0.78,0,0,0,0,0,0.001,0.0028,0,0,0,0,0,0,0,0,0,1,0.59,0,0,0,0,0,0,0,0
EE2E3161702D050DA2DE85EB49287B6C94030CE38D36773CE8CCB91EABABFD4A,2022,0.891387708,258.8390566,191.928092,94.72149311,378.1 s,141.33 MB,0.99,539.666667,971.3,1673.4,1.09,512,316,1.01,0.051,2.4,11.1,25.8,0,0,0.03,606,0,0.78,0,0,0,0,0,0.0018,0.0031,0,0,0,0,0,0,0,0,0,1.56,0.58,0,0,0,0,0,0,0,0
EB0C5245C27D4FD7A1A74DF43517E996D35F59151FB44EBC8EF7EF500ECBE0F4,2024,0.824498821,427.0579515,327.5972196,39.14693,641.93 s,135.95 MB,0.72,569.666667,853.7,1838.3,0.63,328,224,1.28,0.052,3.8,15,20.6,0,0,0.033,2080,0,0.77,0,0,0,0,0,0.001,0.0036,0,0,0,0,0,0,0,0,0,1.95,0.28,0,0,0,0,0,0,0,0
EB0C5245C27D4FD7A1A74DF43517E996D35F59151FB44EBC8EF7EF500ECBE0F4,2023,0.855283023,366.7307605,286.4047792,41.55547699,782.14 s,140.75 MB,1,569.666667,861.6,1353.5,0.64,326,258,1,0.045,3.5,15,23.6,0,0,0.033,1979,0,0.74,0,0,0,0,0,0.0022,0.0027,0,0,0,0,0,0,0,0,0,2.47,0.58,0,0,0,0,0,0,0,0
EB0C5245C27D4FD7A1A74DF43517E996D35F59151FB44EBC8EF7EF500ECBE0F4,2022,0.857786156,311.9267703,259.3802172,53.22678368,494.77 s,139.19 MB,0.98,569.666667,698,1601.1,1.07,360,178,1.02,0.037,4.6,14.6,25.2,0,0,0.03,2071,0,0.77,0,0,0,0,0,0.0014,0.003,0,0,0,0,0,0,0,0,0,1.18,0.55,0,0,0,0,0,0,0,0
E8DB666A821D7A0CE00206A9175EEE60D416AEE42BD229D9BEAA9549F62B7096,2024,0.779065087,430.0125847,327.8691139,31.16575765,661.36 s,77.62 MB,0.98,648.333333,763.1,1841.3,1.13,261,208,1.02,0.055,2.1,8.4,27.4,0,0,0.033,1977,0,0.78,0,0,0,0,0,0.0038,0.0038,0,0,0,0,0,0,0,0,0,1.42,0.56,0,0,0,0,0,0,0,0
E8DB666A821D7A0CE00206A9175EEE60D416AEE42BD229D9BEAA9549F62B7096,2023,0.804219668,413.3193286,311.6880647,27.23167599,806.0 s,139.53 MB,1,648.333333,780,1295.3,0.42,353,254,1,0.055,2.3,8.4,27.3,0,0,0.031,500,0,0.73,0,0,0,0,0,0.001,0.0029,0,0,0,0,0,0,0,0,0,2.63,0.49,0,0,0,0,0,0,0,0
E8DB666A821D7A0CE00206A9175EEE60D416AEE42BD229D9BEAA9549F62B7096,2022,0.883832456,272.6576559,209.4048371,22.77174904,493.26 s,159.45 MB,0.97,648.333333,794.8,1259.7,0.71,322,313,1.03,0.055,2.2,9.7,20.6,0,0,0.032,527,0,0.71,0,0,0,0,0,0.001,0.0032,0,0,0,0,0,0,0,0,0,1.69,0.6,0,0,0,0,0,0,0,0
E6324A39A91AA375CED068CDE0807B4094AD826016F3F2F191BE6C8D06601F3A,2024,0.608368806,607.4819909,481.4882617,33.17848222,649.63 s,77.47 MB,0.89,372,952.2,1600.8,0.51,249,169,1.11,0.055,3.2,11.4,18.2,0,0,0.033,1853,0,0.71,0,0,0,0,0,0.003,0.0009,0,0,0,0,0,0,0,0,0,2.91,0.59,0,0,0,0,0,0,0,0
E6324A39A91AA375CED068CDE0807B4094AD826016F3F2F191BE6C8D06601F3A,2023,0.746233852,509.3701484,416.5664226,31.9335268,791.38 s,136.91 MB,0.52,372,998.7,1742.7,1.18,253,41,1.48,0.05,2,11,19,0,0,0.029,1724,0,0.78,0,0,0,0,0,0.0038,0.0012,0,0,0,0,0,0,0,0,0,2.43,0.56,0,0,0,0,0,0,0,0
E6324A39A91AA375CED068CDE0807B4094AD826016F3F2F191BE6C8D06601F3A,2022,0.73737548,490.9959146,384.8689911,32.14796899,509.71 s,159.78 MB,0.5,372,774.3,1849.2,1.08,275,4,1.5,0.05,2.1,11.8,19.1,0,0,0.028,1510,0,0.73,0,0,0,0,0,0.0026,0.0032,0,0,0,0,0,0,0,0,0,2.97,0.6,0,0,0,0,0,0,0,0
E5DB489739D6E01F2BF699C4170AEBC7BCF4EEC20C4F359416420277333575C4,2024,0.711353677,543.8655469,390.4336818,41.6202636,668.82 s,81.64 MB,0.52,266.666667,943.5,1822.4,0.47,541,127,1.48,0.053,2.7,14.1,23.6,0,0,0.033,2071,0,0.68,0,0,0,0,0,0.001,0.0006,0,0,0,0,0,0,0,0,0,2.62,0.39,0,0,0,0,0,0,0,0
E5DB489739D6E01F2BF699C4170AEBC7BCF4EEC20C4F359416420277333575C4,2023,0.807381328,365.3397018,266.962591,36.5173378,812.61 s,138.8 MB,0.5,266.666667,966.8,1837.6,1.01,325,89,1.5,0.055,2.2,14.1,27.5,0,0,0.032,1282,0,0.7,0,0,0,0,0,0.0015,0.0013,0,0,0,0,0,0,0,0,0,2,0.56,0,0,0,0,0,0,0,0
E5DB489739D6E01F2BF699C4170AEBC7BCF4EEC20C4F359416420277333575C4,2022,0.902452034,223.8517923,162.5648273,35.27176292,509.25 s,139.16 MB,0.97,266.666667,932.5,1781.6,0.82,317,223,1.03,0.043,3.2,14,20.7,0,0,0.027,500,0,0.78,0,0,0,0,0,0.001,0.0013,0,0,0,0,0,0,0,0,0,1.68,0.53,0,0,0,0,0,0,0,0
E0199FF127649A5DFC4F6C90457921E49ABCFAC942B4EEB35E5F816ABFA7F47D,2024,0.854177308,345.5203033,264.27878,27.45560682,661.86 s,138.73 MB,0.92,587,865.7,1592.3,1.17,380,292,1.08,0.049,3.8,14.9,27.7,0,0,0.032,2097,0,0.77,0,0,0,0,0,0.0014,0.0032,0,0,0,0,0,0,0,0,0,1,0.53,0,0,0,0,0,0,0,0
E0199FF127649A5DFC4F6C90457921E49ABCFAC942B4EEB35E5F816ABFA7F47D,2023,0.844727297,328.7480701,248.0108177,30.89720065,815.53 s,139.83 MB,1,587,914.4,1564.7,0.84,366,293,1,0.047,3.9,14.5,27.4,0,0,0.03,1931,0,0.78,0,0,0,0,0,0.0017,0.004,0,0,0,0,0,0,0,0,0,1.53,0.56,0,0,0,0,0,0,0,0
E0199FF127649A5DFC4F6C90457921E49ABCFAC942B4EEB35E5F816ABFA7F47D,2022,0.832277606,281.4674408,226.1217296,36.49560037,506.65 s,159.94 MB,0.63,587,972.2,1359.1,0.9,477,175,1.37,0.055,4.7,14.7,27.8,0,0,0.031,2068,0,0.78,0,0,0,0,0,0.0018,0.0032,0,0,0,0,0,0,0,0,0,2.59,0.6,0,0,0,0,0,0,0,0
DFFE7B823ABABF0B4E2156BF088F019729822C3AA100C867CA302129311A9FFE,2024,0.796118213,385.5119069,301.132184,29.26858963,666.08 s,137.23 MB,0.93,571.333333,860.9,1620.6,1.09,426,120,1.07,0.055,2.2,12.5,20.3,0,0,0.033,1651,0,0.78,0,0,0,0,0,0.002,0.0037,0,0,0,0,0,0,0,0,0,1.22,0.58,0,0,0,0,0,0,0,0
DFFE7B823ABABF0B4E2156BF088F019729822C3AA100C867CA302129311A9FFE,2023,0.817563514,355.7633193,287.002787,31.74563841,815.16 s,139.0 MB,0.99,571.333333,769.6,1725.6,0.67,409,169,1.01,0.052,2,13.7,21.1,0,0,0.026,1871,0,0.77,0,0,0,0,0,0.0034,0.0039,0,0,0,0,0,0,0,0,0,2.93,0.52,0,0,0,0,0,0,0,0
DFFE7B823ABABF0B4E2156BF088F019729822C3AA100C867CA302129311A9FFE,2022,0.863969161,276.1237687,209.2022071,32.07635197,512.16 s,138.89 MB,1,571.333333,917.5,1709.8,1.05,430,198,1,0.052,2,11.4,19.3,0,0,0.029,2045,0,0.76,0,0,0,0,0,0.0031,0.0033,0,0,0,0,0,0,0,0,0,1.47,0.59,0,0,0,0,0,0,0,0
DDAF316375ECB5F5243441220037C00BB28D892FB41A632615EE5A98FA750C13,2024,0.7547818,509.4430043,406.1752631,47.73455875,665.34 s,137.02 MB,0.86,855,882.2,1665.3,0.48,235,231,1.14,0.038,4.7,15,23.9,0,0,0.033,1868,0,0.77,0,0,0,0,0,0.001,0.0035,0,0,0,0,0,0,0,0,0,2.39,0.56,0,0,0,0,0,0,0,0
DDAF316375ECB5F5243441220037C00BB28D892FB41A632615EE5A98FA750C13,2023,0.747398303,501.5528123,398.5453668,53.12243024,831.57 s,139.66 MB,0.98,855,854.1,1321.6,1.09,295,237,1.02,0.043,4.9,15,28,0,0,0.032,1993,0,0.73,0,0,0,0,0,0.0021,0.0039,0,0,0,0,0,0,0,0,0,1.57,0.51,0,0,0,0,0,0,0,0
DDAF316375ECB5F5243441220037C00BB28D892FB41A632615EE5A98FA750C13,2022,0.803743889,400.9803403,320.7567256,59.25770603,505.25 s,159.84 MB,1,855,906.4,1526.1,0.88,265,257,1,0.051,4.7,13.7,27.1,0,0,0.03,1938,0,0.77,0,0,0,0,0,0.0018,0.0038,0,0,0,0,0,0,0,0,0,1.75,0.59,0,0,0,0,0,0,0,0
DCD96322D1DAB10A24FC823154BB52F11DE937B99BFECA8B0B7B219FCABE7DC9,2024,0.729974818,565.7508561,449.740928,40.36685519,668.82 s,137.72 MB,0.98,413,950.5,1665.5,1.13,228,49,1.02,0.054,3,12,23.6,0,0,0.032,1890,0,0.77,0,0,0,0,0,0.0023,0.0029,0,0,0,0,0,0,0,0,0,1.26,0.45,0,0,0,0,0,0,0,0
DCD96322D1DAB10A24FC823154BB52F11DE937B99BFECA8B0B7B219FCABE7DC9,2023,0.77728578,510.4373953,386.7878222,40.81043603,840.61 s,138.91 MB,0.52,413,723.4,1832.4,1.15,224,0,1.48,0.049,3.2,8.8,25,0,0,0.032,1173,0,0.78,0,0,0,0,0,0.0011,0.0016,0,0,0,0,0,0,0,0,0,1.28,0.51,0,0,0,0,0,0,0,0
DCD96322D1DAB10A24FC823154BB52F11DE937B99BFECA8B0B7B219FCABE7DC9,2022,0.806572111,435.2461114,327.2536515,46.58149365,484.82 s,136.98 MB,0.53,413,914.4,1807,1.17,209,32,1.47,0.053,3.5,8.6,20.2,0,0,0.033,1672,0,0.59,0,0,0,0,0,0.004,0.0006,0,0,0,0,0,0,0,0,0,2.5,0.57,0,0,0,0,0,0,0,0
DB1FC0D5543F3C996DD79769A2B0BA24559497ED5E7C825136A2E3D2F8FCDF35,2024,0.680220539,529.1151566,421.127121,44.05938414,676.03 s,138.81 MB,0.87,471,877,1836.3,0.9,270,34,1.13,0.055,2,13.6,26.4,0,0,0.033,2066,0,0.77,0,0,0,0,0,0.0019,0.0037,0,0,0,0,0,0,0,0,0,1.64,0.6,0,0,0,0,0,0,0,0
DB1FC0D5543F3C996DD79769A2B0BA24559497ED5E7C825136A2E3D2F8FCDF35,2023,0.804486412,415.814259,337.923176,40.59892421,844.6 s,139.12 MB,0.63,471,901,1795.5,1.05,240,7,1.37,0.045,2.2,13.3,21.5,0,0,0.033,2029,0,0.77,0,0,0,0,0,0.0036,0.0036,0,0,0,0,0,0,0,0,0,2.83,0.5,0,0,0,0,0,0,0,0
DB1FC0D5543F3C996DD79769A2B0BA24559497ED5E7C825136A2E3D2F8FCDF35,2022,0.771642404,408.2428884,330.1371036,49.13935985,509.28 s,159.36 MB,0.71,471,998.5,1804.8,1.18,226,24,1.29,0.052,2.2,13.5,27.2,0,0,0.029,1891,0,0.74,0,0,0,0,0,0.0034,0.0031,0,0,0,0,0,0,0,0,0,2.4,0.6,0,0,0,0,0,0,0,0
D579678688428C469520E88575010409BFF8C1C70B0725014E6086362EB620BA,2024,0.693681408,487.3542265,358.961378,34.16099252,681.4 s,138.67 MB,0.97,524.333333,661.3,1339.5,1.04,438,44,1.03,0.055,2.8,12.8,25.5,0,0,0.033,2014,0,0.78,0,0,0,0,0,0.0027,0.004,0,0,0,0,0,0,0,0,0,1.71,0.6,0,0,0,0,0,0,0,0
D579678688428C469520E88575010409BFF8C1C70B0725014E6086362EB620BA,2023,0.740607307,423.3967126,316.8502599,37.12367098,868.45 s,138.55 MB,0.95,524.333333,854,1810,0.43,206,44,1.05,0.049,2.9,10.9,22.9,0,0,0.033,629,0,0.78,0,0,0,0,0,0.0011,0.0024,0,0,0,0,0,0,0,0,0,2.7,0.6,0,0,0,0,0,0,0,0
D579678688428C469520E88575010409BFF8C1C70B0725014E6086362EB620BA,2022,0.824043099,345.2835527,274.0698419,39.59121214,492.99 s,157.36 MB,0.84,524.333333,992.4,1792.6,0.59,221,25,1.16,0.055,2,11.6,27.6,0,0,0.033,584,0,0.77,0,0,0,0,0,0.001,0.0021,0,0,0,0,0,0,0,0,0,2.37,0.55,0,0,0,0,0,0,0,0
D32F0EE083BC3C57F668D1F00DDF6C8B141CBEDD7A05AE017C128CF10A6490F2,2024,0.767250288,405.0973883,333.5032576,42.7606514,668.03 s,76.44 MB,0.99,270,669.2,1200.9,0.95,271,264,1.01,0.054,4.3,10.5,26.2,0,0,0.033,2042,0,0.78,0,0,0,0,0,0.0035,0.0038,0,0,0,0,0,0,0,0,0,1.91,0.6,0,0,0,0,0,0,0,0
D32F0EE083BC3C57F668D1F00DDF6C8B141CBEDD7A05AE017C128CF10A6490F2,2023,0.807907893,377.9904512,295.9240471,40.2621704,1048.16 s,142.61 MB,0.84,270,999.9,1714.8,1.13,285,132,1.16,0.036,4.5,10,27.6,0,0,0.033,597,0,0.78,0,0,0,0,0,0.0011,0.002,0,0,0,0,0,0,0,0,0,1.26,0.59,0,0,0,0,0,0,0,0
D32F0EE083BC3C57F668D1F00DDF6C8B141CBEDD7A05AE017C128CF10A6490F2,2022,0.857912817,322.1158175,264.7897225,43.83934245,496.9 s,137.81 MB,0.79,270,679,1677.5,1.18,300,163,1.21,0.044,4.5,10.3,27.8,0,0,0.033,759,0,0.78,0,0,0,0,0,0.001,0.0019,0,0,0,0,0,0,0,0,0,1.14,0.51,0,0,0,0,0,0,0,0
D1A8E64464A3F19403530231B8AE0667A49733726FA82A0594DEC4A3F0C82C90,2024,0.879605086,454.1070431,337.5104927,48.34775025,678.47 s,77.69 MB,0.84,111.333333,670.4,1798.7,1.15,309,30,1.16,0.035,4.5,15,26.1,0,0,0.033,1927,0,0.75,0,0,0,0,0,0.0021,0.003,0,0,0,0,0,0,0,0,0,1.73,0.29,0,0,0,0,0,0,0,0
D1A8E64464A3F19403530231B8AE0667A49733726FA82A0594DEC4A3F0C82C90,2023,0.866845495,397.2839556,289.5666614,47.83777335,1026.43 s,140.27 MB,0.96,111.333333,781.9,1571.3,0.65,302,146,1.04,0.05,3.4,14.6,26.9,0,0,0.029,2100,0,0.78,0,0,0,0,0,0.0021,0.003,0,0,0,0,0,0,0,0,0,2.56,0.43,0,0,0,0,0,0,0,0
D1A8E64464A3F19403530231B8AE0667A49733726FA82A0594DEC4A3F0C82C90,2022,0.905561828,300.6400755,241.2235286,62.07309202,510.34 s,160.38 MB,1,111.333333,839.8,1699.3,1.18,241,235,1,0.036,4.8,14.7,22.6,0,0,0.027,885,0,0.64,0,0,0,0,0,0.002,0.0005,0,0,0,0,0,0,0,0,0,1.47,0.44,0,0,0,0,0,0,0,0
D08435D4543BFAD424F9DDB19CD5BE3723DFC235947D91B2FB64E7F1A1873B04,2024,0.741747465,582.2520633,428.5185802,50.86260446,662.69 s,78.84 MB,0.93,733.666667,620.1,1646.2,0.7,316,268,1.07,0.052,4.8,10.2,23.2,0,0,0.033,2098,0,0.78,0,0,0,0,0,0.0034,0.004,0,0,0,0,0,0,0,0,0,2.81,0.4,0,0,0,0,0,0,0,0
D08435D4543BFAD424F9DDB19CD5BE3723DFC235947D91B2FB64E7F1A1873B04,2023,0.835835413,493.6692714,331.0652477,50.08471257,1016.97 s,140.53 MB,0.5,733.666667,994.6,1761.9,1.11,208,39,1.5,0.046,3.1,11.1,25.5,0,0,0.033,577,0,0.76,0,0,0,0,0,0.001,0.0039,0,0,0,0,0,0,0,0,0,2.56,0.45,0,0,0,0,0,0,0,0
D08435D4543BFAD424F9DDB19CD5BE3723DFC235947D91B2FB64E7F1A1873B04,2022,0.922548986,287.6194031,200.3133894,43.82130613,503.26 s,138.61 MB,0.52,733.666667,992.5,1720.2,1.13,200,49,1.48,0.042,4.6,12.7,27,0,0,0.032,551,0,0.7,0,0,0,0,0,0.001,0.0012,0,0,0,0,0,0,0,0,0,2.81,0.59,0,0,0,0,0,0,0,0
CE67D2E503C841EF406B9BDD30AC6A3C0F22B155F98FE70724728BBD1AD4C5A7,2024,0.829007614,385.6767843,308.3696356,42.68540231,679.39 s,77.3 MB,0.9,546.666667,991.5,1673.7,0.54,289,267,1.1,0.053,3.8,14.8,24,0,0,0.033,1637,0,0.76,0,0,0,0,0,0.001,0.001,0,0,0,0,0,0,0,0,0,1.68,0.46,0,0,0,0,0,0,0,0
CE67D2E503C841EF406B9BDD30AC6A3C0F22B155F98FE70724728BBD1AD4C5A7,2023,0.865052071,333.5542177,262.8527366,45.0113022,1033.28 s,141.03 MB,0.96,546.666667,627.8,1760.9,0.83,433,232,1.04,0.035,4.8,14.8,26.2,0,0,0.031,1117,0,0.76,0,0,0,0,0,0.0034,0.004,0,0,0,0,0,0,0,0,0,2.87,0.54,0,0,0,0,0,0,0,0
CE67D2E503C841EF406B9BDD30AC6A3C0F22B155F98FE70724728BBD1AD4C5A7,2022,0.901419255,247.345517,191.9796215,47.76959113,503.35 s,158.19 MB,0.84,546.666667,771.4,1241.2,0.66,460,162,1.16,0.047,3.9,14.6,26.5,0,0,0.033,1805,0,0.74,0,0,0,0,0,0.002,0.0039,0,0,0,0,0,0,0,0,0,2.88,0.58,0,0,0,0,0,0,0,0
CC8D3A62E8DE5275F0747A8DA6C0F1F7E502A5493CA50FF0E368472560755E07,2024,0.65214179,554.5023563,387.1332534,39.8227378,654.52 s,75.19 MB,0.54,503,963.6,1787.1,0.65,405,252,1.46,0.054,3.1,8.4,23,0,0,0.032,1484,0,0.7,0,0,0,0,0,0.0011,0.001,0,0,0,0,0,0,0,0,0,1.65,0.35,0,0,0,0,0,0,0,0
CC8D3A62E8DE5275F0747A8DA6C0F1F7E502A5493CA50FF0E368472560755E07,2023,0.81016885,337.1625687,255.1962476,34.11412846,1019.87 s,140.91 MB,0.99,503,885,1738.3,0.98,200,195,1.01,0.054,2,13.2,24,0,0,0.031,2035,0,0.77,0,0,0,0,0,0.0031,0.004,0,0,0,0,0,0,0,0,0,1.73,0.53,0,0,0,0,0,0,0,0
CC8D3A62E8DE5275F0747A8DA6C0F1F7E502A5493CA50FF0E368472560755E07,2022,0.903545932,226.8347217,175.0782508,30.52602136,489.91 s,138.12 MB,0.84,503,992.5,1742.1,1.1,207,202,1.16,0.052,4.8,8.4,23.7,0,0,0.031,2071,0,0.75,0,0,0,0,0,0.0025,0.0031,0,0,0,0,0,0,0,0,0,1.34,0.59,0,0,0,0,0,0,0,0
CA70F7EE7893753D6A777F5777091A5D55F3C2C48F1021067F8E4971406985B8,2024,0.677910314,457.0408435,327.4994267,33.45816194,666.12 s,75.64 MB,0.77,331.666667,956,1237.2,0.45,311,269,1.23,0.055,3.5,8.4,21.2,0,0,0.033,2020,0,0.77,0,0,0,0,0,0.002,0.0038,0,0,0,0,0,0,0,0,0,2.37,0.36,0,0,0,0,0,0,0,0
CA70F7EE7893753D6A777F5777091A5D55F3C2C48F1021067F8E4971406985B8,2023,0.860731678,273.4133774,198.7845325,25.63290738,1030.12 s,141.39 MB,0.98,331.666667,739.5,1819.5,0.9,287,223,1.02,0.042,3.8,8.4,27.1,0,0,0.033,2018,0,0.78,0,0,0,0,0,0.0029,0.004,0,0,0,0,0,0,0,0,0,1.25,0.55,0,0,0,0,0,0,0,0
CA70F7EE7893753D6A777F5777091A5D55F3C2C48F1021067F8E4971406985B8,2022,0.892604695,216.795669,168.8825083,27.43817503,509.81 s,157.69 MB,0.75,331.666667,982.9,1822.8,0.98,266,196,1.25,0.054,4.3,8.5,22.4,0,0,0.033,1942,0,0.69,0,0,0,0,0,0.0029,0.0037,0,0,0,0,0,0,0,0,0,1.71,0.58,0,0,0,0,0,0,0,0
C8B35486D5EB7A1B8F1993CBE499B17911A9247A44A98128325627BE2A83D56A,2024,0.657464828,540.5284325,415.2074675,45.80312291,669.04 s,79.05 MB,0.95,409.666667,914.1,1384.7,0.99,333,324,1.05,0.055,3.4,14,23.4,0,0,0.031,1935,0,0.77,0,0,0,0,0,0.0026,0.0006,0,0,0,0,0,0,0,0,0,1.32,0.55,0,0,0,0,0,0,0,0
C8B35486D5EB7A1B8F1993CBE499B17911A9247A44A98128325627BE2A83D56A,2023,0.76282741,430.4377769,312.3619694,40.79109034,1014.4 s,141.95 MB,1,409.666667,640.3,1328.5,1.06,278,274,1,0.052,3.7,14.1,27.3,0,0,0.03,2070,0,0.78,0,0,0,0,0,0.0037,0.0039,0,0,0,0,0,0,0,0,0,2.08,0.56,0,0,0,0,0,0,0,0
C8B35486D5EB7A1B8F1993CBE499B17911A9247A44A98128325627BE2A83D56A,2022,0.810193383,325.1316949,245.7891956,41.18789736,502.39 s,138.59 MB,0.85,409.666667,621,1582.1,1.18,465,227,1.15,0.044,4.4,14.3,26.5,0,0,0.032,500,0,0.74,0,0,0,0,0,0.001,0.0028,0,0,0,0,0,0,0,0,0,1.61,0.6,0,0,0,0,0,0,0,0
C7EB34D2A0CF6FAD49BCE0E2C2BDDCEB3D1A52B438C70089D96E52DED99DFFB2,2024,0.735962567,485.4588487,382.7951432,47.57061904,658.05 s,76.23 MB,0.63,962.666667,859.4,1727.2,0.96,225,141,1.37,0.04,4.9,14.4,27.8,0,0,0.033,2034,0,0.76,0,0,0,0,0,0.0011,0.0035,0,0,0,0,0,0,0,0,0,1.47,0.52,0,0,0,0,0,0,0,0
C7EB34D2A0CF6FAD49BCE0E2C2BDDCEB3D1A52B438C70089D96E52DED99DFFB2,2023,0.682056767,494.5353603,380.6929862,49.23975424,966.48 s,80.77 MB,0.86,962.666667,867.1,1713.8,0.84,436,302,1.14,0.036,5,14.9,27.6,0,0,0.033,1634,0,0.78,0,0,0,0,0,0.003,0.0035,0,0,0,0,0,0,0,0,0,2.37,0.4,0,0,0,0,0,0,0,0
C7EB34D2A0CF6FAD49BCE0E2C2BDDCEB3D1A52B438C70089D96E52DED99DFFB2,2022,0.693513664,426.2732117,341.1308749,61.39250123,501.05 s,159.31 MB,0.72,962.666667,999.8,1550,0.78,378,184,1.28,0.035,4,15,28,0,0,0.033,2037,0,0.74,0,0,0,0,0,0.0022,0.0036,0,0,0,0,0,0,0,0,0,2.77,0.57,0,0,0,0,0,0,0,0
C311C5D96E269A5BA14433D23D315E55859F8A92EA1D93E75F854B6E90E66F39,2024,0.797701704,544.7370121,372.7398842,39.51205882,669.92 s,78.88 MB,0.99,383.333333,607.3,1376,0.42,256,215,1.01,0.055,2.7,14.3,22.4,0,0,0.033,1516,0,0.61,0,0,0,0,0,0.001,0.0032,0,0,0,0,0,0,0,0,0,2.65,0.35,0,0,0,0,0,0,0,0
C311C5D96E269A5BA14433D23D315E55859F8A92EA1D93E75F854B6E90E66F39,2023,0.830761116,474.8470183,326.7484556,72.84829644,953.9 s,78.64 MB,0.52,383.333333,973.7,1821.4,0.9,219,11,1.48,0.041,2,13.4,20.8,0,0,0.029,1449,0,0.73,0,0,0,0,0,0.0012,0.0036,0,0,0,0,0,0,0,0,0,2.6,0.56,0,0,0,0,0,0,0,0
C311C5D96E269A5BA14433D23D315E55859F8A92EA1D93E75F854B6E90E66F39,2022,0.925305039,296.4557272,215.8323017,79.79351117,497.04 s,158.52 MB,0.96,383.333333,665.6,1434.1,1.09,308,302,1.04,0.048,2.9,8.1,20.6,0,0,0.033,1045,0,0.61,0,0,0,0,0,0.0034,0.0007,0,0,0,0,0,0,0,0,0,1.65,0.55,0,0,0,0,0,0,0,0
BEFD3E9760D6B95F85190B4DD87F1F3D9D7E2886AAA80FD0EE984215EB2FF89B,2024,0.833308562,421.0623567,339.7427346,43.14959709,664.4 s,130.53 MB,0.75,378,999.1,1795.5,0.42,292,257,1.25,0.04,2.5,11.2,24.3,0,0,0.032,1861,0,0.78,0,0,0,0,0,0.001,0.0007,0,0,0,0,0,0,0,0,0,1.96,0.42,0,0,0,0,0,0,0,0
BEFD3E9760D6B95F85190B4DD87F1F3D9D7E2886AAA80FD0EE984215EB2FF89B,2023,0.870442023,365.094268,281.2245111,45.91390111,986.92 s,80.88 MB,0.75,378,977.9,1808.7,0.51,207,204,1.25,0.049,2.3,15,21.3,0,0,0.029,1670,0,0.77,0,0,0,0,0,0.001,0.0033,0,0,0,0,0,0,0,0,0,2.7,0.48,0,0,0,0,0,0,0,0
BEFD3E9760D6B95F85190B4DD87F1F3D9D7E2886AAA80FD0EE984215EB2FF89B,2022,0.908261726,266.1784395,203.5610532,58.66745671,505.5 s,160.08 MB,0.55,378,955.9,1826.8,1.05,250,118,1.45,0.046,3.7,14.2,27.8,0,0,0.028,2037,0,0.72,0,0,0,0,0,0.0027,0.0009,0,0,0,0,0,0,0,0,0,2.87,0.54,0,0,0,0,0,0,0,0
BDBFC14FAF112DDBF12DB049022F1C69D4E16392911B1803F3E06E5B9E8F397E,2024,0.751568972,509.6405083,401.8393438,35.49506223,669.35 s,77.84 MB,1,636.333333,616.8,1735.1,0.52,255,244,1,0.051,2.9,10.2,26.1,0,0,0.032,834,0,0.71,0,0,0,0,0,0.001,0.004,0,0,0,0,0,0,0,0,0,2.04,0.42,0,0,0,0,0,0,0,0
BDBFC14FAF112DDBF12DB049022F1C69D4E16392911B1803F3E06E5B9E8F397E,2023,0.852363743,408.1201872,309.5959531,29.58210583,760.45 s,140.8 MB,1,636.333333,834.5,1456.2,0.45,206,112,1,0.055,2.4,11.6,23.7,0,0,0.033,656,0,0.75,0,0,0,0,0,0.001,0.0031,0,0,0,0,0,0,0,0,0,2.92,0.46,0,0,0,0,0,0,0,0
BDBFC14FAF112DDBF12DB049022F1C69D4E16392911B1803F3E06E5B9E8F397E,2022,0.899564113,333.3675798,232.4954592,31.12337117,506.99 s,139.2 MB,0.92,636.333333,630.9,1618.9,0.62,213,208,1.08,0.052,4.8,9.5,21.7,0,0,0.027,663,0,0.77,0,0,0,0,0,0.0021,0.0009,0,0,0,0,0,0,0,0,0,2.87,0.53,0,0,0,0,0,0,0,0
BDA0C0B06D9892AB1DA14F5278A7F325A74CB14788B6400B6C183ABCA1CEB1A4,2024,0.769122432,492.6514288,362.7386853,40.55162528,671.89 s,77.36 MB,0.85,474.333333,877.6,1454.5,0.98,200,190,1.15,0.053,4,14.9,20.5,0,0,0.033,1524,0,0.76,0,0,0,0,0,0.001,0.0007,0,0,0,0,0,0,0,0,0,1.16,0.6,0,0,0,0,0,0,0,0
BDA0C0B06D9892AB1DA14F5278A7F325A74CB14788B6400B6C183ABCA1CEB1A4,2023,0.754028076,439.897398,307.4326454,41.12570766,760.05 s,141.33 MB,0.91,474.333333,686.4,1783.1,0.82,248,178,1.09,0.04,4.9,13.6,26.6,0,0,0.032,933,0,0.77,0,0,0,0,0,0.0024,0.0005,0,0,0,0,0,0,0,0,0,1.92,0.58,0,0,0,0,0,0,0,0
BDA0C0B06D9892AB1DA14F5278A7F325A74CB14788B6400B6C183ABCA1CEB1A4,2022,0.831004056,332.1787882,227.3837032,43.50770536,498.01 s,138.78 MB,0.57,474.333333,857.7,1778.9,1.11,261,108,1.43,0.055,3.8,14.7,24.8,0,0,0.031,530,0,0.74,0,0,0,0,0,0.0011,0.0005,0,0,0,0,0,0,0,0,0,2.13,0.53,0,0,0,0,0,0,0,0
BD52371B6786AC6F1D1FB060C6BDAC1C8A13E108444D72C4CB3E32558C678229,2024,0.744538183,531.7614656,418.4569484,38.62532989,669.88 s,76.53 MB,0.76,898.333333,924.4,1779.3,1,245,215,1.24,0.054,4.5,8.7,21.3,0,0,0.033,1382,0,0.73,0,0,0,0,0,0.001,0.0039,0,0,0,0,0,0,0,0,0,1.05,0.54,0,0,0,0,0,0,0,0
BD52371B6786AC6F1D1FB060C6BDAC1C8A13E108444D72C4CB3E32558C678229,2023,0.806080596,464.1534315,309.2512448,28.49077716,746.7 s,139.12 MB,0.59,898.333333,973,1753,1.04,295,90,1.41,0.055,4.9,8.9,24.9,0,0,0.032,664,0,0.75,0,0,0,0,0,0.0022,0.001,0,0,0,0,0,0,0,0,0,2.32,0.54,0,0,0,0,0,0,0,0
BD52371B6786AC6F1D1FB060C6BDAC1C8A13E108444D72C4CB3E32558C678229,2022,0.904596841,323.1649796,247.8535252,30.91114635,486.0 s,157.28 MB,0.8,898.333333,645.6,1267.6,1.12,200,141,1.2,0.049,4.7,9.1,20.8,0,0,0.033,2049,0,0.7,0,0,0,0,0,0.0036,0.0035,0,0,0,0,0,0,0,0,0,2.09,0.4,0,0,0,0,0,0,0,0
BC1FD5F90BD305DF21BF40EEA94F53A54EB66E6112C3495961E83FF531D68CC9,2024,0.808048731,347.948992,277.1478407,34.79970191,672.46 s,77.06 MB,0.85,316.333333,796.5,1847.7,0.55,419,405,1.15,0.055,2,13,26.1,0,0,0.033,1964,0,0.75,0,0,0,0,0,0.0019,0.004,0,0,0,0,0,0,0,0,0,2.38,0.5,0,0,0,0,0,0,0,0
BC1FD5F90BD305DF21BF40EEA94F53A54EB66E6112C3495961E83FF531D68CC9,2023,0.850347104,276.9446097,222.1950662,41.85468242,763.81 s,141.45 MB,0.95,316.333333,661,1558.6,0.79,473,461,1.05,0.043,3.1,13,21.7,0,0,0.03,2043,0,0.76,0,0,0,0,0,0.0033,0.0037,0,0,0,0,0,0,0,0,0,2.36,0.6,0,0,0,0,0,0,0,0
BC1FD5F90BD305DF21BF40EEA94F53A54EB66E6112C3495961E83FF531D68CC9,2022,0.837934194,251.8722249,202.8529138,47.35525081,506.35 s,159.62 MB,0.89,316.333333,934.1,1713.1,1.14,420,407,1.11,0.042,2.5,14.7,18.6,0,0,0.033,2069,0,0.77,0,0,0,0,0,0.0033,0.0037,0,0,0,0,0,0,0,0,0,1.85,0.58,0,0,0,0,0,0,0,0
BB1D4FA7E517C3FF6B67AC87C3FBFDB2A775B922E214F8D49046D4C4A4C9E1CA,2024,0.6912026,453.236928,338.9565191,33.36197044,663.51 s,78.31 MB,0.99,340,674.3,1497.8,0.49,414,140,1.01,0.054,2.1,13.2,19.2,0,0,0.03,1809,0,0.69,0,0,0,0,0,0.0018,0.0034,0,0,0,0,0,0,0,0,0,2.24,0.57,0,0,0,0,0,0,0,0
BB1D4FA7E517C3FF6B67AC87C3FBFDB2A775B922E214F8D49046D4C4A4C9E1CA,2023,0.692177287,415.548718,317.044702,34.28159378,761.06 s,141.0 MB,0.74,340,963.4,1840.5,0.53,562,154,1.26,0.043,2.1,11,19,0,0,0.031,1407,0,0.74,0,0,0,0,0,0.0016,0.0029,0,0,0,0,0,0,0,0,0,2.05,0.57,0,0,0,0,0,0,0,0
BB1D4FA7E517C3FF6B67AC87C3FBFDB2A775B922E214F8D49046D4C4A4C9E1CA,2022,0.816598182,285.8473091,218.6971898,29.68248583,498.33 s,138.72 MB,0.97,340,898.3,1342.5,0.62,464,224,1.03,0.041,2.1,12.9,27.2,0,0,0.031,785,0,0.72,0,0,0,0,0,0.0038,0.0036,0,0,0,0,0,0,0,0,0,2.77,0.48,0,0,0,0,0,0,0,0
BA6E5A3F6F163DB9DD75C92DE0A1664D9BCD0B92AD05E21330E4D71D824F2979,2024,0.86678043,333.8413137,253.7161387,28.07356553,676.21 s,77.48 MB,0.84,1037.333333,882,1788.9,1.01,352,0,1.16,0.051,2,14.3,19.4,0,0,0.033,1445,0,0.76,0,0,0,0,0,0.0025,0.0038,0,0,0,0,0,0,0,0,0,2.05,0.53,0,0,0,0,0,0,0,0
BA6E5A3F6F163DB9DD75C92DE0A1664D9BCD0B92AD05E21330E4D71D824F2979,2023,0.87964029,312.6292366,233.6286152,30.57161817,761.15 s,142.0 MB,0.78,1037.333333,858.8,1396.9,1.17,337,20,1.22,0.051,2.3,14.1,19.5,0,0,0.03,1727,0,0.78,0,0,0,0,0,0.0034,0.0039,0,0,0,0,0,0,0,0,0,2.42,0.6,0,0,0,0,0,0,0,0
BA6E5A3F6F163DB9DD75C92DE0A1664D9BCD0B92AD05E21330E4D71D824F2979,2022,0.890397553,277.298591,213.8215818,36.82181479,496.33 s,139.06 MB,0.61,1037.333333,986.5,1391.4,1.14,238,0,1.39,0.055,2.7,12.2,24.2,0,0,0.031,1055,0,0.77,0,0,0,0,0,0.0021,0.0014,0,0,0,0,0,0,0,0,0,2.05,0.59,0,0,0,0,0,0,0,0
B550E5AA8D797F481804BF5DD52B652E4C3F954D88BCBCA35375A621315FC175,2024,0.647071205,461.4435719,328.8958063,30.33135774,661.75 s,130.42 MB,0.76,598,857.4,1691.3,1.11,472,286,1.24,0.053,4.1,8.1,27.8,0,0,0.033,1863,0,0.78,0,0,0,0,0,0.0028,0.004,0,0,0,0,0,0,0,0,0,1.47,0.6,0,0,0,0,0,0,0,0
B550E5AA8D797F481804BF5DD52B652E4C3F954D88BCBCA35375A621315FC175,2023,0.585029472,511.6294907,364.0252619,36.70966711,777.16 s,141.56 MB,0.87,598,683.7,1628,0.82,481,434,1.13,0.055,2.8,9.9,23,0,0,0.033,1997,0,0.75,0,0,0,0,0,0.0034,0.0034,0,0,0,0,0,0,0,0,0,2.01,0.6,0,0,0,0,0,0,0,0
B550E5AA8D797F481804BF5DD52B652E4C3F954D88BCBCA35375A621315FC175,2022,0.873935011,299.6306889,230.5599986,29.8555817,506.74 s,159.31 MB,0.89,598,943.1,1582.1,0.59,200,192,1.11,0.046,4.9,8.1,22.5,0,0,0.033,1998,0,0.77,0,0,0,0,0,0.003,0.0034,0,0,0,0,0,0,0,0,0,2.88,0.59,0,0,0,0,0,0,0,0
B3ADFE8E58B0397B65D9A1D8D4CD2D0FA59514EC25E4E4A3DFDFD6CA727004CC,2024,0.742561893,468.319486,362.0765138,43.67645472,666.56 s,111.92 MB,0.93,427,894.5,1845.9,0.48,355,346,1.07,0.045,2.1,14.3,26.1,0,0,0.033,2100,0,0.76,0,0,0,0,0,0.0016,0.0006,0,0,0,0,0,0,0,0,0,1.91,0.55,0,0,0,0,0,0,0,0
B3ADFE8E58B0397B65D9A1D8D4CD2D0FA59514EC25E4E4A3DFDFD6CA727004CC,2023,0.772319147,426.2914312,332.7205897,54.12248225,744.17 s,138.23 MB,0.6,427,964.1,1849.7,0.6,234,92,1.4,0.037,4.5,14.1,27.2,0,0,0.032,2100,0,0.78,0,0,0,0,0,0.0014,0.0036,0,0,0,0,0,0,0,0,0,2.93,0.52,0,0,0,0,0,0,0,0
B3ADFE8E58B0397B65D9A1D8D4CD2D0FA59514EC25E4E4A3DFDFD6CA727004CC,2022,0.830006766,317.197619,236.6996012,48.45174088,509.84 s,159.17 MB,0.99,427,929.4,1275,1.15,424,302,1.01,0.037,5,14.8,25.1,0,0,0.029,1949,0,0.77,0,0,0,0,0,0.0034,0.0038,0,0,0,0,0,0,0,0,0,2.01,0.6,0,0,0,0,0,0,0,0
B26A17831B72C86F9CFAB2EA8A2554B566C97D918BFEC001CBBBE2FF0CB7E0E0,2024,0.714636229,554.3203696,420.7139189,36.39798569,675.95 s,79.73 MB,0.85,801,659.3,1445.4,0.62,524,166,1.15,0.051,3,11.1,24,0,0,0.033,2099,0,0.78,0,0,0,0,0,0.0025,0.004,0,0,0,0,0,0,0,0,0,2.99,0.55,0,0,0,0,0,0,0,0
B26A17831B72C86F9CFAB2EA8A2554B566C97D918BFEC001CBBBE2FF0CB7E0E0,2023,0.75869074,531.4555722,365.6667833,33.55715326,766.51 s,141.69 MB,0.95,801,839.6,1382.7,1.1,469,148,1.05,0.053,3,11.6,27.8,0,0,0.033,1762,0,0.76,0,0,0,0,0,0.0033,0.0035,0,0,0,0,0,0,0,0,0,1.89,0.56,0,0,0,0,0,0,0,0
B26A17831B72C86F9CFAB2EA8A2554B566C97D918BFEC001CBBBE2FF0CB7E0E0,2022,0.87931037,392.3684236,263.125452,29.27322198,505.75 s,159.53 MB,0.95,801,722.9,1262,1.1,496,175,1.05,0.055,4.8,9.1,26.7,0,0,0.03,562,0,0.78,0,0,0,0,0,0.0011,0.004,0,0,0,0,0,0,0,0,0,1.44,0.55,0,0,0,0,0,0,0,0
AFAED9E9CD493ED1445FDD31072A856F701108FD2A9F8651BE2E4DA92DFC6200,2024,0.649012455,629.1990262,481.9241871,53.82367919,671.57 s,137.05 MB,0.51,1091.666667,762.7,1849.9,1,200,71,1.49,0.044,4.3,14.5,23.9,0,0,0.033,2014,0,0.77,0,0,0,0,0,0.0017,0.0037,0,0,0,0,0,0,0,0,0,2.28,0.6,0,0,0,0,0,0,0,0
AFAED9E9CD493ED1445FDD31072A856F701108FD2A9F8651BE2E4DA92DFC6200,2023,0.606602164,597.7103157,412.2843786,56.95746422,751.5 s,139.92 MB,0.59,1091.666667,778.4,1848.8,1.01,254,157,1.41,0.039,3.3,14.6,22.4,0,0,0.033,1282,0,0.77,0,0,0,0,0,0.0038,0.0005,0,0,0,0,0,0,0,0,0,2.51,0.59,0,0,0,0,0,0,0,0
AFAED9E9CD493ED1445FDD31072A856F701108FD2A9F8651BE2E4DA92DFC6200,2022,0.642136069,433.8463906,292.5615571,53.36765115,487.17 s,158.66 MB,0.51,1091.666667,613.2,1849.6,0.88,267,82,1.49,0.043,4.3,14.4,27.1,0,0,0.033,500,0,0.76,0,0,0,0,0,0.0015,0.0005,0,0,0,0,0,0,0,0,0,3,0.6,0,0,0,0,0,0,0,0
ACF9EE80E985DEEBD9A249C75DAC4BFE1303BE2070DB2BC0AF9EC74AEA6A1964,2024,0.577374369,647.2722991,498.6041227,43.14821931,686.82 s,77.34 MB,0.97,621,694.4,1212.4,0.62,217,213,1.03,0.054,3.5,9.8,19.6,0,0,0.032,551,0,0.78,0,0,0,0,0,0.001,0.0036,0,0,0,0,0,0,0,0,0,1.97,0.58,0,0,0,0,0,0,0,0
ACF9EE80E985DEEBD9A249C75DAC4BFE1303BE2070DB2BC0AF9EC74AEA6A1964,2023,0.526020883,693.8543493,530.1542329,48.96529931,723.5 s,142.48 MB,0.92,621,987.7,1271.2,0.62,200,195,1.08,0.052,4.6,8.5,27.6,0,0,0.033,1951,0,0.76,0,0,0,0,0,0.0036,0.0037,0,0,0,0,0,0,0,0,0,2.82,0.6,0,0,0,0,0,0,0,0
ACF9EE80E985DEEBD9A249C75DAC4BFE1303BE2070DB2BC0AF9EC74AEA6A1964,2022,0.853050907,389.7412186,294.8627223,43.70648842,493.73 s,105.03 MB,1,621,959,1604.2,0.84,207,199,1,0.055,4.4,8,27,0,0,0.033,501,0,0.75,0,0,0,0,0,0.0018,0.0012,0,0,0,0,0,0,0,0,0,1.77,0.6,0,0,0,0,0,0,0,0
AC27AF36208FFD05BE98C75F803E1F8ABE7DE7B13C6344BF4C14AB97B2A42695,2024,0.728116398,496.9012087,367.192682,45.14922605,677.86 s,78.77 MB,0.52,619.333333,970.3,1808,0.74,279,62,1.48,0.044,4.4,14.7,27.8,0,0,0.031,1003,0,0.77,0,0,0,0,0,0.0014,0.0006,0,0,0,0,0,0,0,0,0,2.86,0.57,0,0,0,0,0,0,0,0
AC27AF36208FFD05BE98C75F803E1F8ABE7DE7B13C6344BF4C14AB97B2A42695,2023,0.659686995,479.7242419,337.8185068,58.68786446,726.1 s,141.61 MB,0.81,619.333333,608.4,1438.3,1.12,200,95,1.19,0.039,4.6,15,24.4,0,0,0.032,619,0,0.77,0,0,0,0,0,0.0011,0.0024,0,0,0,0,0,0,0,0,0,1.54,0.46,0,0,0,0,0,0,0,0
AC27AF36208FFD05BE98C75F803E1F8ABE7DE7B13C6344BF4C14AB97B2A42695,2022,0.6835051,346.6676145,232.0077144,57.60613007,494.86 s,105.03 MB,0.95,619.333333,998.5,1671.8,0.63,200,175,1.05,0.046,3.1,14.3,26.8,0,0,0.032,2037,0,0.77,0,0,0,0,0,0.0029,0.0036,0,0,0,0,0,0,0,0,0,2.77,0.55,0,0,0,0,0,0,0,0
AB1DAF3CA6F765A9DCDA0B100EA8ED2ADFE212813FCD789D66553BB0B97F3A10,2024,0.868988561,396.6166805,283.1517598,25.53125945,686.85 s,136.73 MB,0.99,566.333333,742.7,1710.9,1.03,248,244,1.01,0.055,3,8.9,18,0,0,0.032,693,0,0.77,0,0,0,0,0,0.001,0.0037,0,0,0,0,0,0,0,0,0,1.18,0.59,0,0,0,0,0,0,0,0
AB1DAF3CA6F765A9DCDA0B100EA8ED2ADFE212813FCD789D66553BB0B97F3A10,2023,0.864965026,408.2133712,295.2064944,30.1727419,724.1 s,141.03 MB,0.87,566.333333,743,1816.3,0.68,250,118,1.13,0.048,2.3,9.4,23.9,0,0,0.031,1904,0,0.76,0,0,0,0,0,0.0028,0.0035,0,0,0,0,0,0,0,0,0,2.84,0.6,0,0,0,0,0,0,0,0
AB1DAF3CA6F765A9DCDA0B100EA8ED2ADFE212813FCD789D66553BB0B97F3A10,2022,0.940235441,270.4897317,204.877824,28.77520066,509.24 s,139.23 MB,0.95,566.333333,812.9,1575.4,0.73,289,158,1.05,0.045,4.2,8.6,20.3,0,0,0.032,598,0,0.75,0,0,0,0,0,0.0011,0.0029,0,0,0,0,0,0,0,0,0,1.99,0.53,0,0,0,0,0,0,0,0
A9530CD3C28E79A208156CB71D1BA9D1BDF887EA3BAF92B8143A17493EB144F1,2024,0.796750621,451.7877371,347.7465447,32.15151537,684.85 s,78.83 MB,1,274.666667,718.3,1255.6,0.88,368,180,1,0.055,2.3,13.5,19.4,0,0,0.027,1322,0,0.7,0,0,0,0,0,0.0027,0.003,0,0,0,0,0,0,0,0,0,1.88,0.43,0,0,0,0,0,0,0,0
A9530CD3C28E79A208156CB71D1BA9D1BDF887EA3BAF92B8143A17493EB144F1,2023,0.772651791,429.0646304,325.1544391,35.44636908,715.43 s,141.33 MB,0.89,274.666667,781.4,1440.5,1.05,567,158,1.11,0.051,3.2,12.4,21.9,0,0,0.031,1124,0,0.76,0,0,0,0,0,0.0028,0.0031,0,0,0,0,0,0,0,0,0,1.64,0.47,0,0,0,0,0,0,0,0
A9530CD3C28E79A208156CB71D1BA9D1BDF887EA3BAF92B8143A17493EB144F1,2022,0.86279194,286.7493763,219.2911327,34.37436181,499.64 s,105.83 MB,0.97,274.666667,794.5,1463.5,1.05,427,185,1.03,0.055,2.1,14,23.7,0,0,0.031,779,0,0.65,0,0,0,0,0,0.0035,0.0037,0,0,0,0,0,0,0,0,0,1.92,0.25,0,0,0,0,0,0,0,0
A7B363007BA719CF2E3B0D28B53BDB3022E5884AD5EDA9F3AC211663CBC195BB,2024,0.606347685,474.7411177,356.3192355,32.32930638,684.63 s,77.64 MB,0.96,404.333333,979,1631.3,0.35,347,282,1.04,0.053,2.6,9.2,19.8,0,0,0.031,2094,0,0.61,0,0,0,0,0,0.0011,0.0028,0,0,0,0,0,0,0,0,0,1.83,0.6,0,0,0,0,0,0,0,0
A7B363007BA719CF2E3B0D28B53BDB3022E5884AD5EDA9F3AC211663CBC195BB,2023,0.625408253,458.0369907,343.6702744,35.00005456,731.58 s,141.77 MB,0.92,404.333333,862.7,1828,0.37,600,238,1.08,0.054,3.2,9.8,20.7,0,0,0.033,1811,0,0.78,0,0,0,0,0,0.0014,0.004,0,0,0,0,0,0,0,0,0,2.04,0.29,0,0,0,0,0,0,0,0
A7B363007BA719CF2E3B0D28B53BDB3022E5884AD5EDA9F3AC211663CBC195BB,2022,0.575615176,434.5242777,344.1501848,41.37560795,507.67 s,136.94 MB,0.98,404.333333,716.9,1750.3,0.37,349,290,1.02,0.055,2.4,11.7,20.7,0,0,0.031,1480,0,0.61,0,0,0,0,0,0.0022,0.0014,0,0,0,0,0,0,0,0,0,2.72,0.22,0,0,0,0,0,0,0,0
A77D400322BB2D22756202FBA9F4B9AAA2FD866FB2D313F22B36C2C798A20634,2024,0.600684438,656.0138888,531.7369454,53.99198131,674.9 s,79.06 MB,0.93,418,958.6,1782.8,0.83,489,476,1.07,0.054,2,10.8,19.9,0,0,0.031,680,0,0.75,0,0,0,0,0,0.0015,0.0005,0,0,0,0,0,0,0,0,0,1.57,0.6,0,0,0,0,0,0,0,0
A77D400322BB2D22756202FBA9F4B9AAA2FD866FB2D313F22B36C2C798A20634,2023,0.704566936,611.9079857,488.599018,56.21013017,734.36 s,141.52 MB,0.92,418,826.5,1821,1.11,509,330,1.08,0.052,3.1,11,25,0,0,0.031,719,0,0.76,0,0,0,0,0,0.0024,0.0005,0,0,0,0,0,0,0,0,0,1.54,0.6,0,0,0,0,0,0,0,0
A77D400322BB2D22756202FBA9F4B9AAA2FD866FB2D313F22B36C2C798A20634,2022,0.769873831,551.9763487,416.192842,60.46318865,499.25 s,101.0 MB,1,418,877.7,1364.6,0.7,254,133,1,0.035,2.4,13.1,27.9,0,0,0.033,2046,0,0.78,0,0,0,0,0,0.0024,0.0032,0,0,0,0,0,0,0,0,0,2.7,0.5,0,0,0,0,0,0,0,0
A3ECC2C081688EB8C71B254E2842212F8C840A44B59CF3EBD24FEC409437FF59,2024,0.476349482,730.0802207,555.2046586,50.73229039,692.78 s,77.86 MB,0.96,193.666667,954,1532.9,0.6,594,395,1.04,0.048,2.6,10.9,26.4,0,0,0.033,1963,0,0.78,0,0,0,0,0,0.0025,0.0035,0,0,0,0,0,0,0,0,0,2.39,0.57,0,0,0,0,0,0,0,0
A3ECC2C081688EB8C71B254E2842212F8C840A44B59CF3EBD24FEC409437FF59,2023,0.487128053,736.5458852,574.8760186,60.78355662,720.51 s,140.59 MB,1,193.666667,989,1595.6,0.71,575,538,1,0.055,2.6,8,27.3,0,0,0.033,719,0,0.77,0,0,0,0,0,0.0013,0.0005,0,0,0,0,0,0,0,0,0,1.28,0.6,0,0,0,0,0,0,0,0
A3ECC2C081688EB8C71B254E2842212F8C840A44B59CF3EBD24FEC409437FF59,2022,0.83506155,441.0056566,311.807917,33.12726721,489.78 s,113.17 MB,0.9,193.666667,826.1,1353,0.46,579,224,1.1,0.047,5,8.9,21.5,0,0,0.032,2029,0,0.78,0,0,0,0,0,0.0013,0.0035,0,0,0,0,0,0,0,0,0,2.88,0.59,0,0,0,0,0,0,0,0
A2418A84F3B43B15457EFA5FB6365F23663920E0AB21086013277FBA25DEAD89,2024,0.735457154,417.186661,341.0682867,37.82083504,677.08 s,77.98 MB,0.75,361,948,1458.8,0.86,568,361,1.25,0.055,3.5,12.8,19.5,0,0,0.032,2071,0,0.61,0,0,0,0,0,0.0015,0.0019,0,0,0,0,0,0,0,0,0,1.46,0.58,0,0,0,0,0,0,0,0
A2418A84F3B43B15457EFA5FB6365F23663920E0AB21086013277FBA25DEAD89,2023,0.744633636,380.8208926,302.9425492,38.49898149,710.36 s,141.86 MB,0.92,361,774.1,1314.2,0.47,423,216,1.08,0.055,2.6,14.9,22,0,0,0.033,2099,0,0.77,0,0,0,0,0,0.0016,0.0023,0,0,0,0,0,0,0,0,0,2.16,0.37,0,0,0,0,0,0,0,0
A2418A84F3B43B15457EFA5FB6365F23663920E0AB21086013277FBA25DEAD89,2022,0.675654812,363.7369563,300.3553599,49.27211471,513.68 s,138.59 MB,0.99,361,759.6,1756.8,0.56,559,336,1.01,0.055,4.1,14.6,22.3,0,0,0.033,1375,0,0.76,0,0,0,0,0,0.0013,0.001,0,0,0,0,0,0,0,0,0,1.47,0.22,0,0,0,0,0,0,0,0
A159F69AB82ACB48A9C895C3DA0643629718D6BA2E04C95771421D2C2629F417,2024,0.694749381,562.5578001,435.2047667,40.36435674,698.41 s,76.94 MB,0.99,268.333333,832.9,1771.4,0.78,200,196,1.01,0.053,3.7,9.9,22.1,0,0,0.033,2098,0,0.78,0,0,0,0,0,0.0038,0.0037,0,0,0,0,0,0,0,0,0,2.45,0.53,0,0,0,0,0,0,0,0
A159F69AB82ACB48A9C895C3DA0643629718D6BA2E04C95771421D2C2629F417,2023,0.705071101,570.1304592,443.596049,46.8845909,727.44 s,142.88 MB,0.76,268.333333,908.5,1636.7,0.62,207,104,1.24,0.05,4.4,8.9,22.2,0,0,0.032,619,0,0.74,0,0,0,0,0,0.0011,0.0037,0,0,0,0,0,0,0,0,0,2.64,0.6,0,0,0,0,0,0,0,0
A159F69AB82ACB48A9C895C3DA0643629718D6BA2E04C95771421D2C2629F417,2022,0.752404775,541.942838,402.533639,47.77692088,508.14 s,120.78 MB,0.99,268.333333,732.2,1374.6,0.93,207,164,1.01,0.046,2.4,8.7,27.3,0,0,0.033,599,0,0.78,0,0,0,0,0,0.001,0.0028,0,0,0,0,0,0,0,0,0,1.25,0.53,0,0,0,0,0,0,0,0
9C03CFA7FF8CE257750857F14DA6E7A2E7A54D3075FAF230389F3734B83C2A96,2024,0.745003201,517.7699285,417.8019966,45.23378183,680.82 s,136.64 MB,0.79,922.666667,933.4,1850,0.67,308,0,1.21,0.054,2.1,13.3,27,0,0,0.032,2045,0,0.76,0,0,0,0,0,0.0023,0.0034,0,0,0,0,0,0,0,0,0,2.91,0.54,0,0,0,0,0,0,0,0
9C03CFA7FF8CE257750857F14DA6E7A2E7A54D3075FAF230389F3734B83C2A96,2023,0.795968601,437.4535818,347.7995205,46.23720637,716.75 s,140.97 MB,0.8,922.666667,952,1849.4,1.02,215,0,1.2,0.051,2,12.5,23,0,0,0.033,736,0,0.76,0,0,0,0,0,0.001,0.0028,0,0,0,0,0,0,0,0,0,1.43,0.55,0,0,0,0,0,0,0,0
9C03CFA7FF8CE257750857F14DA6E7A2E7A54D3075FAF230389F3734B83C2A96,2022,0.81226754,413.9106322,340.1578417,56.69092401,494.02 s,158.11 MB,0.84,922.666667,789.2,1364.6,0.73,231,17,1.16,0.054,3.2,9.6,24.2,0,0,0.032,2033,0,0.78,0,0,0,0,0,0.0027,0.0025,0,0,0,0,0,0,0,0,0,2.43,0.6,0,0,0,0,0,0,0,0
97CE30EB3F7EFB6AAFE134A06E4E7D748722A6720E837FEA95C97F6423737D7F,2024,0.83820667,332.7951877,264.1643984,34.16704908,666.17 s,139.12 MB,0.95,542.333333,711.6,1468.4,1.15,409,357,1.05,0.055,3.8,14.8,21.6,0,0,0.033,1583,0,0.77,0,0,0,0,0,0.0026,0.004,0,0,0,0,0,0,0,0,0,1.47,0.49,0,0,0,0,0,0,0,0
97CE30EB3F7EFB6AAFE134A06E4E7D748722A6720E837FEA95C97F6423737D7F,2023,0.859696443,304.1183179,233.39378,37.13421988,782.67 s,141.52 MB,0.63,542.333333,984.8,1835.3,0.97,509,141,1.37,0.052,4.4,14.8,27,0,0,0.032,1278,0,0.77,0,0,0,0,0,0.0024,0.0039,0,0,0,0,0,0,0,0,0,2.94,0.52,0,0,0,0,0,0,0,0
97CE30EB3F7EFB6AAFE134A06E4E7D748722A6720E837FEA95C97F6423737D7F,2022,0.908457176,222.1204409,172.3890924,35.16454669,502.1 s,138.98 MB,0.91,542.333333,944.5,1366.2,0.91,423,232,1.09,0.052,4.3,12.7,28,0,0,0.033,2100,0,0.75,0,0,0,0,0,0.0026,0.0039,0,0,0,0,0,0,0,0,0,1.99,0.57,0,0,0,0,0,0,0,0
938D993373D6724C19D28504BF8F166AFE24D1F4441FAA7D4AC7FBE2706AE147,2024,0.663939704,451.4162123,347.1804932,33.86244998,667.26 s,138.48 MB,0.95,667,721.2,1574,0.51,394,382,1.05,0.055,3.2,9.3,27.8,0,0,0.033,1822,0,0.78,0,0,0,0,0,0.001,0.0031,0,0,0,0,0,0,0,0,0,1.27,0.54,0,0,0,0,0,0,0,0
938D993373D6724C19D28504BF8F166AFE24D1F4441FAA7D4AC7FBE2706AE147,2023,0.766321734,379.0364266,310.5996537,34.44848905,766.79 s,140.88 MB,0.99,667,854.5,1792.5,0.87,394,192,1.01,0.045,2.5,12.1,22,0,0,0.033,1299,0,0.78,0,0,0,0,0,0.0011,0.0035,0,0,0,0,0,0,0,0,0,1.07,0.59,0,0,0,0,0,0,0,0
938D993373D6724C19D28504BF8F166AFE24D1F4441FAA7D4AC7FBE2706AE147,2022,0.875187684,295.4326494,252.8988557,34.7982827,507.69 s,138.75 MB,0.86,667,910.5,1641.9,0.62,332,162,1.14,0.037,2.3,12,22.8,0,0,0.031,1824,0,0.72,0,0,0,0,0,0.002,0.0037,0,0,0,0,0,0,0,0,0,2.45,0.56,0,0,0,0,0,0,0,0
9333BA0FCCA2E1855C729101DAF1A410CF7F70DAF8B22A579B55507A8B10650C,2024,0.738986676,533.8542637,411.8946249,40.58112041,659.18 s,139.5 MB,0.95,320.666667,948,1688.3,0.77,324,316,1.05,0.054,3.3,14.9,24,0,0,0.032,2100,0,0.78,0,0,0,0,0,0.001,0.0028,0,0,0,0,0,0,0,0,0,1.19,0.56,0,0,0,0,0,0,0,0
9333BA0FCCA2E1855C729101DAF1A410CF7F70DAF8B22A579B55507A8B10650C,2023,0.71523986,530.6477318,393.0930636,43.79940207,781.21 s,140.98 MB,0.99,320.666667,706.3,1518.6,0.57,414,334,1.01,0.044,3.4,14,27.1,0,0,0.031,640,0,0.78,0,0,0,0,0,0.0012,0.0005,0,0,0,0,0,0,0,0,0,2.11,0.58,0,0,0,0,0,0,0,0
9333BA0FCCA2E1855C729101DAF1A410CF7F70DAF8B22A579B55507A8B10650C,2022,0.810815176,353.4670462,261.9864455,43.17462209,505.38 s,159.64 MB,0.94,320.666667,848.8,1301,0.89,336,239,1.06,0.037,4.9,14.1,26.5,0,0,0.032,2009,0,0.77,0,0,0,0,0,0.0036,0.0034,0,0,0,0,0,0,0,0,0,2.64,0.6,0,0,0,0,0,0,0,0
92AF40A556305F2E457545133EF6D448F6D48D3E9F8AEAC2DEC595CE545950F0,2024,0.672960892,371.1251263,291.0751368,32.52819985,672.1 s,138.3 MB,1,355,944.2,1685.9,0.39,500,424,1,0.048,4.1,8.4,27.4,0,0,0.033,570,0,0.78,0,0,0,0,0,0.0011,0.0007,0,0,0,0,0,0,0,0,0,2.15,0.58,0,0,0,0,0,0,0,0
92AF40A556305F2E457545133EF6D448F6D48D3E9F8AEAC2DEC595CE545950F0,2023,0.689288194,372.2933324,285.2727325,38.69383942,777.46 s,140.7 MB,1,355,846.3,1260.4,0.66,321,317,1,0.044,2.5,11,27.5,0,0,0.032,2021,0,0.78,0,0,0,0,0,0.0034,0.0035,0,0,0,0,0,0,0,0,0,2.27,0.6,0,0,0,0,0,0,0,0
92AF40A556305F2E457545133EF6D448F6D48D3E9F8AEAC2DEC595CE545950F0,2022,0.900603501,225.1332251,173.944953,34.92644415,486.43 s,137.73 MB,0.5,355,954.6,1818.1,1.18,531,176,1.5,0.049,2.1,10.6,23.7,0,0,0.031,2060,0,0.76,0,0,0,0,0,0.0034,0.0037,0,0,0,0,0,0,0,0,0,2.84,0.5,0,0,0,0,0,0,0,0
9285F725F1EF21D785CDC92BB36541218A8B6D201A294C9B69BE1E2D90A01EFC,2024,0.782705151,421.6843696,340.2068058,26.41523957,662.21 s,136.98 MB,0.63,315,918.2,1784.2,0.5,354,56,1.37,0.049,2.8,11.9,19,0,0,0.033,1664,0,0.76,0,0,0,0,0,0.001,0.0038,0,0,0,0,0,0,0,0,0,2.58,0.57,0,0,0,0,0,0,0,0
9285F725F1EF21D785CDC92BB36541218A8B6D201A294C9B69BE1E2D90A01EFC,2023,0.711424097,470.1220323,385.4141453,31.7546826,752.99 s,140.39 MB,0.71,315,798.3,1756.5,0.41,384,99,1.29,0.035,2.3,9.9,20.8,0,0,0.032,1465,0,0.78,0,0,0,0,0,0.001,0.004,0,0,0,0,0,0,0,0,0,2.54,0.54,0,0,0,0,0,0,0,0
9285F725F1EF21D785CDC92BB36541218A8B6D201A294C9B69BE1E2D90A01EFC,2022,0.842928434,349.7203809,280.0470639,26.76982648,487.61 s,101.8 MB,0.55,315,661.2,1849.9,1.15,306,37,1.45,0.053,2,11.6,20.2,0,0,0.031,1651,0,0.77,0,0,0,0,0,0.0029,0.0033,0,0,0,0,0,0,0,0,0,2.45,0.44,0,0,0,0,0,0,0,0
8EF78B51ACC2740117BA7FFADF261982D08F6C7BC2A01C195316F8C6B606AE56,2024,0.490562758,712.4593329,543.3864495,41.73323752,658.99 s,137.89 MB,0.85,864.666667,900.7,1345.1,1.01,341,334,1.15,0.055,2.2,9.8,22.7,0,0,0.033,1995,0,0.78,0,0,0,0,0,0.0024,0.004,0,0,0,0,0,0,0,0,0,1.37,0.45,0,0,0,0,0,0,0,0
8EF78B51ACC2740117BA7FFADF261982D08F6C7BC2A01C195316F8C6B606AE56,2023,0.570668096,632.4215291,447.9325254,40.82723043,775.59 s,141.62 MB,0.87,864.666667,607.3,1801,0.68,567,242,1.13,0.049,3.6,9.4,28,0,0,0.033,602,0,0.75,0,0,0,0,0,0.0011,0.0038,0,0,0,0,0,0,0,0,0,1.89,0.58,0,0,0,0,0,0,0,0
8EF78B51ACC2740117BA7FFADF261982D08F6C7BC2A01C195316F8C6B606AE56,2022,0.740901094,481.4365824,328.973514,37.71148181,499.93 s,138.69 MB,0.99,864.666667,619.1,1251.8,0.75,255,249,1.01,0.054,4.8,8,27.8,0,0,0.031,1781,0,0.78,0,0,0,0,0,0.0038,0.0036,0,0,0,0,0,0,0,0,0,2.49,0.59,0,0,0,0,0,0,0,0
8E0B9BA981D4D3C96A1D3503D18D6E729AE464064F0543A04EA19A8C6B250AA2,2024,0.729210233,547.0046595,401.0423803,41.50356172,679.41 s,138.42 MB,0.89,999,890.9,1818.6,0.94,207,198,1.11,0.046,2.9,14.8,21.7,0,0,0.03,649,0,0.74,0,0,0,0,0,0.0011,0.0006,0,0,0,0,0,0,0,0,0,1.69,0.56,0,0,0,0,0,0,0,0
8E0B9BA981D4D3C96A1D3503D18D6E729AE464064F0543A04EA19A8C6B250AA2,2023,0.743908849,492.3052851,344.4342403,49.10629771,774.53 s,140.64 MB,0.61,999,930.7,1724.4,1,200,42,1.39,0.041,4.8,14.3,26.4,0,0,0.033,583,0,0.71,0,0,0,0,0,0.001,0.003,0,0,0,0,0,0,0,0,0,2.52,0.32,0,0,0,0,0,0,0,0
8E0B9BA981D4D3C96A1D3503D18D6E729AE464064F0543A04EA19A8C6B250AA2,2022,0.820979596,391.9853788,297.3569045,51.48194536,519.25 s,160.2 MB,0.61,999,633.4,1560,1.2,213,54,1.39,0.036,4,15,25,0,0,0.033,1965,0,0.78,0,0,0,0,0,0.0028,0.0036,0,0,0,0,0,0,0,0,0,2.73,0.56,0,0,0,0,0,0,0,0
8DEFE1715CFFBF09FB699A151F5D9E03B64498F73912E495167BEAF9B4999A02,2024,0.545453487,497.9211283,378.5040467,35.04117892,669.01 s,140.16 MB,0.99,436,803.7,1252.6,0.53,569,264,1.01,0.05,2.1,13.4,21.5,0,0,0.031,2018,0,0.75,0,0,0,0,0,0.0019,0.0037,0,0,0,0,0,0,0,0,0,1.99,0.6,0,0,0,0,0,0,0,0
8DEFE1715CFFBF09FB699A151F5D9E03B64498F73912E495167BEAF9B4999A02,2023,0.595124653,445.3790072,346.037839,37.35020596,777.51 s,140.86 MB,0.99,436,702.9,1318.5,0.68,549,237,1.01,0.047,2.2,12.7,23,0,0,0.032,1776,0,0.78,0,0,0,0,0,0.0027,0.0032,0,0,0,0,0,0,0,0,0,1.86,0.58,0,0,0,0,0,0,0,0
8DEFE1715CFFBF09FB699A151F5D9E03B64498F73912E495167BEAF9B4999A02,2022,0.746175834,343.815511,271.1506919,37.90674867,503.68 s,157.53 MB,0.7,436,951.7,1838.9,1.14,564,255,1.3,0.055,3.3,11.4,20.8,0,0,0.026,1889,0,0.66,0,0,0,0,0,0.0039,0.0032,0,0,0,0,0,0,0,0,0,2.34,0.35,0,0,0,0,0,0,0,0
802A7B22FFB25E43A17A4E0C45C407AD8C50E11D8D6F9958FDEDC07307BE14D6,2024,0.746432096,462.105895,359.638451,43.91415894,669.19 s,137.77 MB,0.86,360,998.4,1843,0.68,358,349,1.14,0.047,3.1,13.1,26.5,0,0,0.033,2062,0,0.78,0,0,0,0,0,0.0023,0.0006,0,0,0,0,0,0,0,0,0,1.83,0.6,0,0,0,0,0,0,0,0
802A7B22FFB25E43A17A4E0C45C407AD8C50E11D8D6F9958FDEDC07307BE14D6,2023,0.776079612,382.2229592,310.3385779,54.55408683,758.87 s,140.81 MB,0.9,360,971.3,1713.2,0.65,208,203,1.1,0.055,3.6,14.2,27.5,0,0,0.033,1624,0,0.78,0,0,0,0,0,0.001,0.0035,0,0,0,0,0,0,0,0,0,1.61,0.44,0,0,0,0,0,0,0,0
802A7B22FFB25E43A17A4E0C45C407AD8C50E11D8D6F9958FDEDC07307BE14D6,2022,0.812502224,337.3928843,275.8809513,60.77807767,498.82 s,110.83 MB,0.98,360,976.8,1237.7,0.8,296,286,1.02,0.054,2.6,14.1,22.6,0,0,0.033,1688,0,0.76,0,0,0,0,0,0.001,0.0007,0,0,0,0,0,0,0,0,0,1.13,0.59,0,0,0,0,0,0,0,0
79239FDD8F62D687C9D3CB5D92BE559139099931AF7E20054DEF8C5430FC95B3,2024,0.757168557,471.3453972,336.5622733,32.04438535,681.46 s,138.94 MB,0.97,363,693.3,1325,0.58,207,204,1.03,0.051,2,10.3,27,0,0,0.033,1617,0,0.78,0,0,0,0,0,0.001,0.0036,0,0,0,0,0,0,0,0,0,1.39,0.6,0,0,0,0,0,0,0,0
79239FDD8F62D687C9D3CB5D92BE559139099931AF7E20054DEF8C5430FC95B3,2023,0.757567748,471.6179692,317.0246165,35.3243143,771.31 s,140.11 MB,0.92,363,887.7,1753,1.11,294,93,1.08,0.055,2,13.9,28,0,0,0.033,1167,0,0.76,0,0,0,0,0,0.0011,0.0016,0,0,0,0,0,0,0,0,0,1.07,0.6,0,0,0,0,0,0,0,0
79239FDD8F62D687C9D3CB5D92BE559139099931AF7E20054DEF8C5430FC95B3,2022,0.845392378,385.6762678,262.9014607,42.33045992,502.42 s,154.33 MB,0.92,363,980,1814.1,1.19,234,176,1.08,0.055,2.9,13.9,27.8,0,0,0.022,1995,0,0.69,0,0,0,0,0,0.0034,0.0038,0,0,0,0,0,0,0,0,0,2.53,0.46,0,0,0,0,0,0,0,0
7625FA6BB6B3F2DB0413E1E8F5BBD1A1FB6B97388BEBD9FFF69E3CB8F9623523,2024,0.783570365,525.6525225,374.1207924,42.77745857,725.46 s,76.84 MB,0.8,367.333333,929.1,1850,1.18,394,337,1.2,0.035,5,14.6,22.8,0,0,0.03,1569,0,0.62,0,0,0,0,0,0.0033,0.0039,0,0,0,0,0,0,0,0,0,2.33,0.55,0,0,0,0,0,0,0,0
7625FA6BB6B3F2DB0413E1E8F5BBD1A1FB6B97388BEBD9FFF69E3CB8F9623523,2023,0.777194554,498.3016608,322.6528886,46.97837081,731.41 s,90.58 MB,0.7,367.333333,970.9,1826.1,1.2,406,193,1.3,0.035,4.8,14.9,27.3,0,0,0.023,2032,0,0.74,0,0,0,0,0,0.0032,0.0039,0,0,0,0,0,0,0,0,0,2.91,0.58,0,0,0,0,0,0,0,0
7625FA6BB6B3F2DB0413E1E8F5BBD1A1FB6B97388BEBD9FFF69E3CB8F9623523,2022,0.93499364,212.3544656,169.3602775,53.28760662,506.73 s,138.28 MB,0.88,367.333333,863.2,1692,0.6,217,179,1.12,0.044,5,14.6,22.6,0,0,0.032,1989,0,0.67,0,0,0,0,0,0.0024,0.0006,0,0,0,0,0,0,0,0,0,3,0.6,0,0,0,0,0,0,0,0
6E6884B84C7E72264C579E42141651EFC0B1D0C31C30DE8131011C94D0CB396F,2024,0.767406281,485.1303258,355.7779092,31.14207373,747.21 s,80.45 MB,0.97,777.666667,873.6,1732.6,0.89,299,280,1.03,0.043,2.2,9.1,20.9,0,0,0.033,2024,0,0.75,0,0,0,0,0,0.0038,0.004,0,0,0,0,0,0,0,0,0,2.16,0.6,0,0,0,0,0,0,0,0
6E6884B84C7E72264C579E42141651EFC0B1D0C31C30DE8131011C94D0CB396F,2023,0.81356653,450.10403,322.4508942,34.32633224,746.45 s,140.23 MB,0.95,777.666667,902.9,1832.6,0.49,403,221,1.05,0.054,3.6,8.9,27.1,0,0,0.032,557,0,0.77,0,0,0,0,0,0.0011,0.003,0,0,0,0,0,0,0,0,0,2.74,0.56,0,0,0,0,0,0,0,0
6E6884B84C7E72264C579E42141651EFC0B1D0C31C30DE8131011C94D0CB396F,2022,0.910413934,318.7197153,223.5431164,30.74924361,501.53 s,158.5 MB,0.99,777.666667,644.2,1296.8,1.07,252,248,1.01,0.055,4.8,8.4,20.8,0,0,0.031,1880,0,0.75,0,0,0,0,0,0.0037,0.0039,0,0,0,0,0,0,0,0,0,2.01,0.6,0,0,0,0,0,0,0,0
699BECE900590CFB819A20B1081B84FB4A2B15ABA3C4B7E0E60C86C8999FE107,2024,0.71721305,514.759464,403.5442156,48.41133064,740.5 s,75.66 MB,0.75,641.666667,967.8,1840.7,0.5,560,171,1.25,0.055,2.7,14,20.1,0,0,0.033,1752,0,0.78,0,0,0,0,0,0.001,0.0006,0,0,0,0,0,0,0,0,0,2.17,0.58,0,0,0,0,0,0,0,0
699BECE900590CFB819A20B1081B84FB4A2B15ABA3C4B7E0E60C86C8999FE107,2023,0.76397589,433.1640308,330.0470572,51.19611809,772.91 s,142.2 MB,0.74,641.666667,962.6,1819.4,0.73,357,86,1.26,0.054,4.3,14.7,26.1,0,0,0.033,574,0,0.77,0,0,0,0,0,0.001,0.002,0,0,0,0,0,0,0,0,0,2.9,0.57,0,0,0,0,0,0,0,0
699BECE900590CFB819A20B1081B84FB4A2B15ABA3C4B7E0E60C86C8999FE107,2022,0.854651269,330.9052886,247.6033645,50.75125715,506.61 s,137.8 MB,0.99,641.666667,808.4,1756,0.85,283,190,1.01,0.035,4.4,15,21.2,0,0,0.032,1994,0,0.75,0,0,0,0,0,0.0029,0.0037,0,0,0,0,0,0,0,0,0,2.45,0.54,0,0,0,0,0,0,0,0
676EA314B66AB4CF19EBB6C3BF63BC0572D61A27E0B6FD761D05FD7A62845999,2024,0.702967931,398.725981,322.6277608,42.0992792,759.16 s,139.02 MB,0.77,432.333333,947.8,1745.8,0.39,469,326,1.23,0.054,2.1,13.8,25.6,0,0,0.032,1013,0,0.76,0,0,0,0,0,0.0012,0.0005,0,0,0,0,0,0,0,0,0,2.63,0.55,0,0,0,0,0,0,0,0
676EA314B66AB4CF19EBB6C3BF63BC0572D61A27E0B6FD761D05FD7A62845999,2023,0.715180018,319.1676518,225.6218099,41.62960602,764.01 s,142.17 MB,1,432.333333,702.6,1406,0.62,298,291,1,0.041,3.5,14.9,26.3,0,0,0.033,1923,0,0.78,0,0,0,0,0,0.0036,0.004,0,0,0,0,0,0,0,0,0,2.91,0.6,0,0,0,0,0,0,0,0
676EA314B66AB4CF19EBB6C3BF63BC0572D61A27E0B6FD761D05FD7A62845999,2022,0.69952958,303.5171703,211.5915879,44.05573645,495.92 s,160.14 MB,0.82,432.333333,1000,1527.8,1.05,479,221,1.18,0.04,2.1,14.7,27.8,0,0,0.032,500,0,0.78,0,0,0,0,0,0.001,0.003,0,0,0,0,0,0,0,0,0,1.49,0.5,0,0,0,0,0,0,0,0
66D29F1537BAEE419F3BE2398ABA67015F6093C8D93235B7D483E0AFD52BD801,2024,0.698482533,508.8533258,383.3996216,40.41116497,754.88 s,79.84 MB,0.86,408.666667,861.1,1618,0.68,243,237,1.14,0.054,3.2,14.2,27.3,0,0,0.033,2099,0,0.76,0,0,0,0,0,0.0016,0.0038,0,0,0,0,0,0,0,0,0,1.92,0.6,0,0,0,0,0,0,0,0
66D29F1537BAEE419F3BE2398ABA67015F6093C8D93235B7D483E0AFD52BD801,2023,0.800440634,357.2227361,275.8560511,40.18995815,753.56 s,141.98 MB,0.94,408.666667,944.3,1562.5,1.02,488,256,1.06,0.037,3.7,14.6,27.8,0,0,0.032,1983,0,0.78,0,0,0,0,0,0.0033,0.0034,0,0,0,0,0,0,0,0,0,1.95,0.56,0,0,0,0,0,0,0,0
66D29F1537BAEE419F3BE2398ABA67015F6093C8D93235B7D483E0AFD52BD801,2022,0.836878168,298.5648856,235.2440725,45.91465762,500.71 s,137.86 MB,0.95,408.666667,861.6,1784.9,0.8,370,296,1.05,0.055,3.6,15,25.9,0,0,0.03,598,0,0.65,0,0,0,0,0,0.0011,0.0005,0,0,0,0,0,0,0,0,0,1.88,0.6,0,0,0,0,0,0,0,0
632B19C13822AB465A622A3628C8488A57422AE48F94991153357AAB636F330A,2024,0.738236045,412.337243,324.0861474,37.84957253,758.95 s,78.05 MB,0.72,350,966.1,1823.8,0.88,292,287,1.28,0.055,2,10.2,19.3,0,0,0.032,2066,0,0.74,0,0,0,0,0,0.0023,0.0008,0,0,0,0,0,0,0,0,0,1.35,0.6,0,0,0,0,0,0,0,0
632B19C13822AB465A622A3628C8488A57422AE48F94991153357AAB636F330A,2023,0.808236206,334.5837794,232.2165303,27.4670705,757.75 s,140.27 MB,0.95,350,881.9,1849.2,0.86,312,305,1.05,0.055,4.4,9.9,22.6,0,0,0.033,745,0,0.77,0,0,0,0,0,0.0038,0.001,0,0,0,0,0,0,0,0,0,1.74,0.58,0,0,0,0,0,0,0,0
632B19C13822AB465A622A3628C8488A57422AE48F94991153357AAB636F330A,2022,0.903348068,218.6777324,157.2754184,24.99582894,503.27 s,157.72 MB,0.55,350,945.3,1781.5,0.99,408,166,1.45,0.048,5,8.6,18.8,0,0,0.033,1623,0,0.7,0,0,0,0,0,0.0035,0.0039,0,0,0,0,0,0,0,0,0,2.69,0.54,0,0,0,0,0,0,0,0
5F6EA66AE587EC2290C29F9FD3E2B70B7D622E677B0546A5AD9480259EF26D82,2024,0.786215411,476.2091701,357.6910502,37.40494384,748.05 s,137.23 MB,0.55,701,977.7,1837,1.13,225,74,1.45,0.046,4.7,15,24.7,0,0,0.031,2047,0,0.78,0,0,0,0,0,0.0023,0.0035,0,0,0,0,0,0,0,0,0,2.67,0.54,0,0,0,0,0,0,0,0
5F6EA66AE587EC2290C29F9FD3E2B70B7D622E677B0546A5AD9480259EF26D82,2023,0.778822147,435.9446167,327.1669579,42.07430573,742.56 s,79.92 MB,0.56,701,969.8,1786.5,1.05,200,47,1.44,0.04,4.6,14.4,26.2,0,0,0.033,1911,0,0.76,0,0,0,0,0,0.0027,0.0009,0,0,0,0,0,0,0,0,0,2.72,0.59,0,0,0,0,0,0,0,0
5F6EA66AE587EC2290C29F9FD3E2B70B7D622E677B0546A5AD9480259EF26D82,2022,0.8026473,353.9602609,245.4062455,44.35954778,505.97 s,138.53 MB,0.72,701,999.8,1708.4,1.15,215,143,1.28,0.035,4.4,15,21.3,0,0,0.032,2039,0,0.78,0,0,0,0,0,0.0026,0.0036,0,0,0,0,0,0,0,0,0,2.18,0.58,0,0,0,0,0,0,0,0
5EBB28482316A309E6B222EC5A7AFD08B41D463E48818792AF872ED9D0D86DA6,2024,0.732231778,682.1775176,449.6643984,36.47950752,741.94 s,138.91 MB,0.91,353,954.3,1791.3,0.71,255,191,1.09,0.046,3,14.4,27,0,0,0.024,1833,0,0.7,0,0,0,0,0,0.0011,0.0034,0,0,0,0,0,0,0,0,0,1.91,0.59,0,0,0,0,0,0,0,0
5EBB28482316A309E6B222EC5A7AFD08B41D463E48818792AF872ED9D0D86DA6,2023,0.73536684,669.9932354,459.6042533,48.88551171,761.2 s,141.58 MB,0.72,353,943.4,1708.6,0.97,270,132,1.28,0.036,4.9,13.1,18.5,0,0,0.027,1564,0,0.6,0,0,0,0,0,0.001,0.0036,0,0,0,0,0,0,0,0,0,1.85,0.56,0,0,0,0,0,0,0,0
5EBB28482316A309E6B222EC5A7AFD08B41D463E48818792AF872ED9D0D86DA6,2022,0.819506566,557.40798,380.1688635,63.74024891,503.08 s,159.16 MB,0.95,353,974.7,1675.1,1.02,327,317,1.05,0.037,2.3,14.5,19.6,0,0,0.026,1104,0,0.58,0,0,0,0,0,0.0023,0.0025,0,0,0,0,0,0,0,0,0,2.21,0.21,0,0,0,0,0,0,0,0
5E0883108A7CAC4AB325168BE2E3A967531E814595DCCF084EE89823F84F873C,2024,0.701701201,496.9843211,381.1010038,28.76801366,765.12 s,139.73 MB,1,749.666667,676.9,1563.6,1,333,326,1,0.051,2.2,10.4,23.7,0,0,0.032,1933,0,0.74,0,0,0,0,0,0.003,0.0038,0,0,0,0,0,0,0,0,0,1.56,0.57,0,0,0,0,0,0,0,0
5E0883108A7CAC4AB325168BE2E3A967531E814595DCCF084EE89823F84F873C,2023,0.827585643,396.0099715,268.7677162,26.55108891,738.97 s,139.09 MB,0.68,749.666667,930.9,1836.3,0.96,391,152,1.32,0.051,2,9.6,26.1,0,0,0.033,1710,0,0.78,0,0,0,0,0,0.004,0.004,0,0,0,0,0,0,0,0,0,2.93,0.6,0,0,0,0,0,0,0,0
5E0883108A7CAC4AB325168BE2E3A967531E814595DCCF084EE89823F84F873C,2022,0.934791346,244.6981255,182.1310372,26.42619521,507.13 s,159.23 MB,1,749.666667,842.1,1251.1,0.75,200,193,1,0.05,3.7,8.5,24.1,0,0,0.032,1704,0,0.78,0,0,0,0,0,0.0038,0.0037,0,0,0,0,0,0,0,0,0,2.55,0.52,0,0,0,0,0,0,0,0
5A21FF662299DF1EBAADE04697926088626ACD97C06675AF7D8A99D404D0465F,2024,0.697285722,626.3923745,477.7578523,42.98628258,755.12 s,138.31 MB,0.88,347.333333,746.7,1832.8,0.9,302,259,1.12,0.055,2.3,8.7,23.9,0,0,0.031,2063,0,0.78,0,0,0,0,0,0.0021,0.0034,0,0,0,0,0,0,0,0,0,1.53,0.55,0,0,0,0,0,0,0,0
5A21FF662299DF1EBAADE04697926088626ACD97C06675AF7D8A99D404D0465F,2023,0.836936484,461.9141465,332.5898144,44.04193544,764.52 s,119.81 MB,0.63,347.333333,741.8,1840.1,0.8,257,32,1.37,0.053,2,11,27.3,0,0,0.033,660,0,0.76,0,0,0,0,0,0.001,0.004,0,0,0,0,0,0,0,0,0,2.75,0.42,0,0,0,0,0,0,0,0
5A21FF662299DF1EBAADE04697926088626ACD97C06675AF7D8A99D404D0465F,2022,0.882859774,387.325792,301.6573156,42.55629864,501.73 s,159.45 MB,0.99,347.333333,668.4,1451.6,0.99,340,185,1.01,0.054,2.7,11.4,26,0,0,0.033,857,0,0.69,0,0,0,0,0,0.001,0.0026,0,0,0,0,0,0,0,0,0,1.38,0.56,0,0,0,0,0,0,0,0
58BC97100F5437A588AD8DF6DE356F9D07B05547BA498AFEDEE2338C6DABF7B6,2024,0.667362701,791.2825636,570.781229,48.53946116,724.33 s,79.98 MB,0.95,250,899.6,1797.8,0.72,393,353,1.05,0.054,2.8,14.6,22,0,0,0.032,1935,0,0.77,0,0,0,0,0,0.0039,0.0006,0,0,0,0,0,0,0,0,0,2.55,0.55,0,0,0,0,0,0,0,0
58BC97100F5437A588AD8DF6DE356F9D07B05547BA498AFEDEE2338C6DABF7B6,2023,0.792224989,588.7654895,437.5657141,97.63886653,788.76 s,141.53 MB,1,250,933.7,1449.6,0.92,200,11,1,0.053,3.4,14.7,18.8,0,0,0.033,648,0,0.78,0,0,0,0,0,0.0025,0.0023,0,0,0,0,0,0,0,0,0,2.83,0.48,0,0,0,0,0,0,0,0
58BC97100F5437A588AD8DF6DE356F9D07B05547BA498AFEDEE2338C6DABF7B6,2022,0.887361162,341.1863586,283.2134153,60.04183773,492.18 s,157.28 MB,0.68,250,984.5,1825.7,0.55,211,203,1.32,0.055,2,8.5,20.4,0,0,0.025,961,0,0.77,0,0,0,0,0,0.001,0.0024,0,0,0,0,0,0,0,0,0,2.78,0.58,0,0,0,0,0,0,0,0
582F049C0E202C8FAF9E91B0E01132598C2CF3CC31B2C8C825975C81FBF2CF71,2024,0.690502284,436.0644167,337.2272949,29.85981291,752.61 s,80.72 MB,0.97,361.666667,928.8,1509.2,0.58,509,151,1.03,0.055,2.3,12.1,27.8,0,0,0.033,1338,0,0.73,0,0,0,0,0,0.0026,0.0036,0,0,0,0,0,0,0,0,0,2.44,0.56,0,0,0,0,0,0,0,0
582F049C0E202C8FAF9E91B0E01132598C2CF3CC31B2C8C825975C81FBF2CF71,2023,0.658545193,417.0090625,313.2930097,31.63089518,780.11 s,139.72 MB,1,361.666667,975.8,1796.7,1.12,498,173,1,0.052,2,13.6,28,0,0,0.032,1447,0,0.75,0,0,0,0,0,0.0033,0.0036,0,0,0,0,0,0,0,0,0,1.47,0.58,0,0,0,0,0,0,0,0
582F049C0E202C8FAF9E91B0E01132598C2CF3CC31B2C8C825975C81FBF2CF71,2022,0.792382678,318.4130803,244.2588622,30.0311993,497.18 s,138.27 MB,0.82,361.666667,893.7,1509.7,0.41,440,186,1.18,0.047,4.6,8.6,23.2,0,0,0.03,1203,0,0.67,0,0,0,0,0,0.0016,0.0032,0,0,0,0,0,0,0,0,0,2.95,0.6,0,0,0,0,0,0,0,0
582B1B199E07E4F6F38903BD7EB5550E3253ADCF7C3B8DB1625542846CD71214,2024,0.726883306,616.1685594,458.2569654,42.72703596,749.44 s,77.23 MB,0.97,342.666667,799.1,1822.9,0.87,423,268,1.03,0.054,2.2,11.8,27.5,0,0,0.033,2099,0,0.77,0,0,0,0,0,0.0039,0.0034,0,0,0,0,0,0,0,0,0,2.64,0.58,0,0,0,0,0,0,0,0
582B1B199E07E4F6F38903BD7EB5550E3253ADCF7C3B8DB1625542846CD71214,2023,0.776561979,581.7071175,420.671824,43.20244003,785.86 s,140.61 MB,0.97,342.666667,615.2,1389.2,1.11,455,121,1.03,0.055,2.4,13.9,28,0,0,0.033,1797,0,0.78,0,0,0,0,0,0.0032,0.004,0,0,0,0,0,0,0,0,0,2.39,0.6,0,0,0,0,0,0,0,0
582B1B199E07E4F6F38903BD7EB5550E3253ADCF7C3B8DB1625542846CD71214,2022,0.876927529,457.4319003,356.0431907,53.01056494,501.46 s,138.09 MB,0.95,342.666667,777.1,1722.4,1.09,380,174,1.05,0.055,2.1,14.3,20.3,0,0,0.033,2049,0,0.77,0,0,0,0,0,0.0039,0.0039,0,0,0,0,0,0,0,0,0,2.63,0.21,0,0,0,0,0,0,0,0
55CAD78640481BCD139B8D9CC40FF351D51AAFEFE4BFE7741C9BE73444088DE7,2024,0.771986108,451.7642442,336.9038307,32.89423233,753.23 s,78.62 MB,0.81,1328.333333,770.5,1808.3,1.19,325,7,1.19,0.054,2.4,12.7,21.7,0,0,0.033,1985,0,0.77,0,0,0,0,0,0.0023,0.0023,0,0,0,0,0,0,0,0,0,1.53,0.57,0,0,0,0,0,0,0,0
55CAD78640481BCD139B8D9CC40FF351D51AAFEFE4BFE7741C9BE73444088DE7,2023,0.846422189,367.0885012,271.5354519,29.95504006,772.76 s,140.44 MB,0.87,1328.333333,866.8,1754.7,0.88,242,18,1.13,0.055,2.1,12.6,26.4,0,0,0.033,2008,0,0.76,0,0,0,0,0,0.0033,0.0033,0,0,0,0,0,0,0,0,0,2.42,0.45,0,0,0,0,0,0,0,0
55CAD78640481BCD139B8D9CC40FF351D51AAFEFE4BFE7741C9BE73444088DE7,2022,0.826792134,347.3764754,263.2907228,36.24661952,503.08 s,138.2 MB,0.93,1328.333333,979.1,1768.2,0.93,270,10,1.07,0.036,2,12.7,27.3,0,0,0.032,648,0,0.76,0,0,0,0,0,0.001,0.0039,0,0,0,0,0,0,0,0,0,1.5,0.54,0,0,0,0,0,0,0,0
509A7C56D95FD06865C97F33E9AF63A540FE7F7F4FFB9D028000D757AB2A0D6E,2024,0.412269103,655.8794426,495.7690278,44.04063067,734.14 s,78.34 MB,0.88,1005.333333,653.5,1573.7,0.66,396,382,1.12,0.055,3.2,11.5,23.4,0,0,0.033,1528,0,0.77,0,0,0,0,0,0.0023,0.001,0,0,0,0,0,0,0,0,0,1.75,0.59,0,0,0,0,0,0,0,0
509A7C56D95FD06865C97F33E9AF63A540FE7F7F4FFB9D028000D757AB2A0D6E,2023,0.386879919,603.9861107,446.2122808,44.79120963,792.72 s,141.84 MB,0.97,1005.333333,987.1,1552.6,0.82,542,531,1.03,0.035,4.6,8.9,27.7,0,0,0.033,1521,0,0.77,0,0,0,0,0,0.0036,0.0039,0,0,0,0,0,0,0,0,0,1.6,0.56,0,0,0,0,0,0,0,0
509A7C56D95FD06865C97F33E9AF63A540FE7F7F4FFB9D028000D757AB2A0D6E,2022,0.538451841,448.4642841,318.5485875,39.96813382,507.99 s,159.38 MB,0.92,1005.333333,607.4,1735.1,0.45,534,413,1.08,0.054,3.6,9.9,27.2,0,0,0.032,527,0,0.77,0,0,0,0,0,0.001,0.0018,0,0,0,0,0,0,0,0,0,2.45,0.6,0,0,0,0,0,0,0,0
5097790457AB4028B6DAC6CB8D56EA5A6FB0E33CAC5FF3CACBE441DA26EB1F5B,2024,0.795337499,323.8567777,237.0165059,30.07345821,743.9 s,77.56 MB,0.77,221.666667,995.1,1797.8,0.37,332,317,1.23,0.051,2.6,9.6,23.9,0,0,0.033,2070,0,0.66,0,0,0,0,0,0.002,0.0039,0,0,0,0,0,0,0,0,0,2.96,0.47,0,0,0,0,0,0,0,0
5097790457AB4028B6DAC6CB8D56EA5A6FB0E33CAC5FF3CACBE441DA26EB1F5B,2023,0.861590214,251.2792968,180.8976074,27.86945924,784.74 s,141.75 MB,0.89,221.666667,633.3,1803.7,0.57,265,262,1.11,0.051,4.2,9.5,24.5,0,0,0.032,1912,0,0.72,0,0,0,0,0,0.0035,0.004,0,0,0,0,0,0,0,0,0,2.67,0.44,0,0,0,0,0,0,0,0
5097790457AB4028B6DAC6CB8D56EA5A6FB0E33CAC5FF3CACBE441DA26EB1F5B,2022,0.9036093,180.9176784,130.9964956,28.09184859,495.37 s,159.8 MB,0.91,221.666667,763.9,1800.5,0.6,285,277,1.09,0.051,2.6,11.6,22.1,0,0,0.031,2031,0,0.73,0,0,0,0,0,0.0038,0.004,0,0,0,0,0,0,0,0,0,2.82,0.3,0,0,0,0,0,0,0,0
5032A8B47F0D5B596A76AE8EE156D57DD53606A0898CCE27E468DEF6F5D9DFF7,2024,0.811441773,425.7148454,321.0605064,28.78060296,750.31 s,79.34 MB,0.99,676.666667,908,1218.7,1.15,298,247,1.01,0.048,4.8,15,22.2,0,0,0.033,1909,0,0.75,0,0,0,0,0,0.0022,0.003,0,0,0,0,0,0,0,0,0,1.48,0.59,0,0,0,0,0,0,0,0
5032A8B47F0D5B596A76AE8EE156D57DD53606A0898CCE27E468DEF6F5D9DFF7,2023,0.827843626,382.764354,287.653763,33.44689576,783.76 s,140.72 MB,0.98,676.666667,823.9,1810,0.86,270,263,1.02,0.047,4.3,15,21,0,0,0.032,2055,0,0.71,0,0,0,0,0,0.0027,0.0037,0,0,0,0,0,0,0,0,0,2.42,0.59,0,0,0,0,0,0,0,0
5032A8B47F0D5B596A76AE8EE156D57DD53606A0898CCE27E468DEF6F5D9DFF7,2022,0.79960501,365.1941786,277.3410831,35.97301748,505.7 s,139.72 MB,1,676.666667,892,1639.6,0.6,391,271,1,0.042,4.7,13.6,26.4,0,0,0.032,500,0,0.76,0,0,0,0,0,0.0011,0.0005,0,0,0,0,0,0,0,0,0,2.26,0.5,0,0,0,0,0,0,0,0
4BF23F48B851D1E1E1968FCDFCCC44691C848B8DEA4A6EDADBB1C1B312067779,2024,0.738932203,463.2919483,341.372487,44.28563515,728.73 s,77.05 MB,0.69,662,954.2,1834.8,1.11,359,345,1.31,0.047,3.2,12.9,22.1,0,0,0.033,1981,0,0.78,0,0,0,0,0,0.0019,0.0008,0,0,0,0,0,0,0,0,0,1.23,0.6,0,0,0,0,0,0,0,0
4BF23F48B851D1E1E1968FCDFCCC44691C848B8DEA4A6EDADBB1C1B312067779,2023,0.757127506,409.4127311,297.5364799,42.3452533,766.78 s,140.3 MB,0.99,662,668.3,1577.8,0.85,392,383,1.01,0.037,3.7,14.7,24.9,0,0,0.033,1733,0,0.78,0,0,0,0,0,0.0038,0.0039,0,0,0,0,0,0,0,0,0,2.5,0.57,0,0,0,0,0,0,0,0
4BF23F48B851D1E1E1968FCDFCCC44691C848B8DEA4A6EDADBB1C1B312067779,2022,0.744994507,359.3263381,290.5054596,69.50164194,508.73 s,158.36 MB,0.52,662,842.7,1812.9,1.03,214,80,1.48,0.051,4.4,14.9,26.3,0,0,0.033,2100,0,0.76,0,0,0,0,0,0.0021,0.003,0,0,0,0,0,0,0,0,0,2.85,0.59,0,0,0,0,0,0,0,0
44E6B49BF86A753E6E4690DA61C2BB6B7C032141B301AD2154F0FFA62C271BAF,2024,0.737884287,379.6794725,297.1795301,29.70811168,720.1 s,136.48 MB,0.68,350,938.3,1838.7,0.39,300,188,1.32,0.055,2.7,8.6,26.1,0,0,0.033,1219,0,0.78,0,0,0,0,0,0.001,0.0014,0,0,0,0,0,0,0,0,0,2.48,0.5,0,0,0,0,0,0,0,0
44E6B49BF86A753E6E4690DA61C2BB6B7C032141B301AD2154F0FFA62C271BAF,2023,0.783418048,350.4584613,271.7699736,28.63677206,782.26 s,140.47 MB,0.9,350,881.7,1799.2,1.03,245,236,1.1,0.054,3.2,10,27.2,0,0,0.033,2070,0,0.78,0,0,0,0,0,0.0024,0.0037,0,0,0,0,0,0,0,0,0,1.28,0.58,0,0,0,0,0,0,0,0
44E6B49BF86A753E6E4690DA61C2BB6B7C032141B301AD2154F0FFA62C271BAF,2022,0.905408837,241.8903315,183.3722625,23.93379595,488.31 s,156.14 MB,0.8,350,965.7,1807.3,0.84,207,199,1.2,0.053,4.7,9.9,28,0,0,0.03,1610,0,0.74,0,0,0,0,0,0.0035,0.0013,0,0,0,0,0,0,0,0,0,2.43,0.59,0,0,0,0,0,0,0,0
42A28EAED067F04AE3BE6B592B063C739405D4E9A4A782A509DD013A870B58AC,2024,0.705829805,585.8974692,416.6642258,28.24913152,754.83 s,79.67 MB,0.98,558.333333,731.3,1828.8,0.64,306,301,1.02,0.055,4.1,11.8,18.2,0,0,0.033,560,0,0.71,0,0,0,0,0,0.0021,0.0006,0,0,0,0,0,0,0,0,0,2.5,0.51,0,0,0,0,0,0,0,0
42A28EAED067F04AE3BE6B592B063C739405D4E9A4A782A509DD013A870B58AC,2023,0.854627687,431.5558644,322.0821207,28.55461759,793.74 s,141.86 MB,1,558.333333,628.5,1310.4,0.66,200,112,1,0.055,2,12.5,25.7,0,0,0.033,668,0,0.77,0,0,0,0,0,0.0014,0.0009,0,0,0,0,0,0,0,0,0,2.17,0.58,0,0,0,0,0,0,0,0
42A28EAED067F04AE3BE6B592B063C739405D4E9A4A782A509DD013A870B58AC,2022,0.936325767,290.6661218,221.4890829,31.64974255,507.46 s,157.44 MB,0.87,558.333333,867.1,1805.1,0.85,242,166,1.13,0.055,3,11.7,18.7,0,0,0.033,607,0,0.74,0,0,0,0,0,0.0031,0.0005,0,0,0,0,0,0,0,0,0,2.59,0.52,0,0,0,0,0,0,0,0
408DA8B1E918725A44E893F16D6EA5B39AD129B651F58DEBF380C04DD8B59F16,2024,0.634704192,642.8074508,488.8300111,47.50379421,750.61 s,138.22 MB,0.96,718,653.6,1457.3,1.14,290,218,1.04,0.054,3.2,8.1,25.3,0,0,0.033,2004,0,0.78,0,0,0,0,0,0.003,0.0034,0,0,0,0,0,0,0,0,0,1.38,0.6,0,0,0,0,0,0,0,0
408DA8B1E918725A44E893F16D6EA5B39AD129B651F58DEBF380C04DD8B59F16,2023,0.645776726,607.3883468,466.8600202,56.17195758,781.13 s,89.72 MB,1,718,993,1437.3,0.59,425,295,1,0.053,3.5,8.2,28,0,0,0.033,681,0,0.75,0,0,0,0,0,0.001,0.0025,0,0,0,0,0,0,0,0,0,1.61,0.34,0,0,0,0,0,0,0,0
408DA8B1E918725A44E893F16D6EA5B39AD129B651F58DEBF380C04DD8B59F16,2022,0.778414486,404.5320613,305.7570705,45.28364286,507.35 s,137.67 MB,0.79,718,628.3,1818.1,0.99,549,259,1.21,0.036,3,10.9,28,0,0,0.032,500,0,0.65,0,0,0,0,0,0.0011,0.0037,0,0,0,0,0,0,0,0,0,1.83,0.53,0,0,0,0,0,0,0,0
3247C12108AE936007907FEDE3DCE19308F679A8041E5E4EDCFF725675B8122B,2024,0.713947501,522.2337955,381.9750821,38.08210325,768.06 s,139.16 MB,0.5,730,980.5,1830,1.1,200,51,1.5,0.046,4.1,13.9,26.2,0,0,0.033,2072,0,0.77,0,0,0,0,0,0.0018,0.0009,0,0,0,0,0,0,0,0,0,1.77,0.52,0,0,0,0,0,0,0,0
3247C12108AE936007907FEDE3DCE19308F679A8041E5E4EDCFF725675B8122B,2023,0.668354045,462.088618,306.6037309,43.45570416,783.88 s,87.56 MB,0.98,730,694.5,1305.7,1.04,209,204,1.02,0.037,5,15,27.7,0,0,0.028,718,0,0.78,0,0,0,0,0,0.002,0.0005,0,0,0,0,0,0,0,0,0,1.49,0.58,0,0,0,0,0,0,0,0
3247C12108AE936007907FEDE3DCE19308F679A8041E5E4EDCFF725675B8122B,2022,0.701640871,353.1404433,215.1313297,39.40127266,509.77 s,158.56 MB,0.75,730,710.5,1745.6,0.59,212,130,1.25,0.044,3.1,14.3,24.7,0,0,0.033,538,0,0.78,0,0,0,0,0,0.001,0.0005,0,0,0,0,0,0,0,0,0,2.49,0.54,0,0,0,0,0,0,0,0
30C1500249A961CA9415ADE6EC0C3D61B4660AB16D847CA67941A996A3AB45D2,2024,0.708194559,468.5107839,354.9085932,42.28631926,760.59 s,139.75 MB,0.99,791.333333,630.4,1749,1.17,501,416,1.01,0.055,2.4,14,24.4,0,0,0.032,1942,0,0.76,0,0,0,0,0,0.0032,0.0038,0,0,0,0,0,0,0,0,0,1.67,0.59,0,0,0,0,0,0,0,0
30C1500249A961CA9415ADE6EC0C3D61B4660AB16D847CA67941A996A3AB45D2,2023,0.785789798,390.7377044,292.2115962,46.86662745,777.19 s,89.14 MB,1,791.333333,835.2,1324.4,0.96,593,361,1,0.053,3.3,13,27.6,0,0,0.032,1896,0,0.78,0,0,0,0,0,0.0036,0.0039,0,0,0,0,0,0,0,0,0,2.19,0.57,0,0,0,0,0,0,0,0
30C1500249A961CA9415ADE6EC0C3D61B4660AB16D847CA67941A996A3AB45D2,2022,0.726189297,379.2524137,269.337548,48.62757289,503.35 s,138.47 MB,0.83,791.333333,753.2,1840,1,557,261,1.17,0.054,2.3,14.3,26.9,0,0,0.033,1936,0,0.77,0,0,0,0,0,0.0033,0.0038,0,0,0,0,0,0,0,0,0,2.55,0.59,0,0,0,0,0,0,0,0
2BC75AA87A5702D4B8649E610C75E00E444CF8D077FA6ADE768058AC32376851,2024,0.665137681,388.3104176,293.2171243,37.54343334,739.47 s,74.36 MB,0.81,436,987.1,1807.5,0.77,213,208,1.19,0.053,2.6,15,27.3,0,0,0.031,2067,0,0.77,0,0,0,0,0,0.0022,0.0039,0,0,0,0,0,0,0,0,0,2.05,0.58,0,0,0,0,0,0,0,0
2BC75AA87A5702D4B8649E610C75E00E444CF8D077FA6ADE768058AC32376851,2023,0.624411035,339.5105801,271.9381053,49.41175273,763.47 s,87.19 MB,0.9,436,911.6,1796.4,0.74,592,408,1.1,0.046,2,12.3,27.8,0,0,0.031,500,0,0.74,0,0,0,0,0,0.001,0.0022,0,0,0,0,0,0,0,0,0,1.58,0.58,0,0,0,0,0,0,0,0
2BC75AA87A5702D4B8649E610C75E00E444CF8D077FA6ADE768058AC32376851,2022,0.547159712,332.290066,257.6057292,43.32305933,492.27 s,153.22 MB,0.67,436,867.2,1827.6,0.88,328,325,1.33,0.053,2.6,13.9,21,0,0,0.033,2000,0,0.78,0,0,0,0,0,0.0022,0.0006,0,0,0,0,0,0,0,0,0,1.62,0.59,0,0,0,0,0,0,0,0
2A8621189AA18377315E99223F639DA6D090CD33E9B35107EC09046AF28DE6D0,2024,0.790482028,474.3057637,369.5858619,48.52966373,736.63 s,77.48 MB,0.52,702.666667,931.6,1808.4,0.97,223,62,1.48,0.044,4.8,14.7,27,0,0,0.033,1668,0,0.77,0,0,0,0,0,0.001,0.0032,0,0,0,0,0,0,0,0,0,1.85,0.46,0,0,0,0,0,0,0,0
2A8621189AA18377315E99223F639DA6D090CD33E9B35107EC09046AF28DE6D0,2023,0.78442604,458.6722369,349.6231611,55.51632638,771.34 s,87.72 MB,0.77,702.666667,834.9,1747.1,1.13,207,177,1.23,0.045,4.9,14.8,22.9,0,0,0.032,1441,0,0.78,0,0,0,0,0,0.001,0.0012,0,0,0,0,0,0,0,0,0,1.14,0.56,0,0,0,0,0,0,0,0
2A8621189AA18377315E99223F639DA6D090CD33E9B35107EC09046AF28DE6D0,2022,0.83975809,350.4784844,283.4020538,64.31835202,498.73 s,137.56 MB,0.72,702.666667,619.9,1790.4,0.57,253,92,1.28,0.036,5,14.7,23,0,0,0.031,1458,0,0.74,0,0,0,0,0,0.001,0.0028,0,0,0,0,0,0,0,0,0,2.9,0.6,0,0,0,0,0,0,0,0
2851C9C9E1ECBE672070E0EF5EC2DAFDAC7559E051984711653FA61905F41B8F,2024,0.727036153,509.376906,389.2112568,38.02158017,750.26 s,74.47 MB,0.91,687.666667,937.9,1526.6,1.13,228,224,1.09,0.055,4.7,14.7,23.9,0,0,0.033,768,0,0.76,0,0,0,0,0,0.0013,0.0005,0,0,0,0,0,0,0,0,0,1.08,0.3,0,0,0,0,0,0,0,0
2851C9C9E1ECBE672070E0EF5EC2DAFDAC7559E051984711653FA61905F41B8F,2023,0.771325377,418.2946305,303.5566436,45.12081371,768.3 s,88.41 MB,0.89,687.666667,999.5,1482.3,1.18,200,187,1.11,0.05,4.9,14.6,25.3,0,0,0.033,757,0,0.77,0,0,0,0,0,0.0035,0.0006,0,0,0,0,0,0,0,0,0,1.91,0.6,0,0,0,0,0,0,0,0
2851C9C9E1ECBE672070E0EF5EC2DAFDAC7559E051984711653FA61905F41B8F,2022,0.835841209,330.1252317,233.4096673,40.74108369,498.7 s,157.25 MB,0.89,687.666667,615.7,1815.6,0.67,200,132,1.11,0.049,4.9,13,28,0,0,0.033,683,0,0.78,0,0,0,0,0,0.001,0.0005,0,0,0,0,0,0,0,0,0,1.92,0.55,0,0,0,0,0,0,0,0
232298AE750DF9D533A91E913F020991CD0FED719F31D9C9B94980910E533D46,2024,0.729257726,382.2197707,281.1108002,26.88518344,732.26 s,75.23 MB,0.79,502.666667,852.8,1754.2,0.35,376,360,1.21,0.055,3.6,9.7,27.6,0,0,0.033,1994,0,0.78,0,0,0,0,0,0.0017,0.0034,0,0,0,0,0,0,0,0,0,2.72,0.34,0,0,0,0,0,0,0,0
232298AE750DF9D533A91E913F020991CD0FED719F31D9C9B94980910E533D46,2023,0.859997119,257.7766849,198.9330091,27.90046786,791.8 s,88.95 MB,0.98,502.666667,645.4,1223.2,1.14,567,307,1.02,0.053,2.4,13.5,27.8,0,0,0.033,1965,0,0.76,0,0,0,0,0,0.0031,0.003,0,0,0,0,0,0,0,0,0,1.4,0.59,0,0,0,0,0,0,0,0
232298AE750DF9D533A91E913F020991CD0FED719F31D9C9B94980910E533D46,2022,0.888627129,221.6232488,176.5349522,31.21643965,498.43 s,138.58 MB,0.87,502.666667,781.7,1748.3,1,399,277,1.13,0.045,2.4,11.5,23.9,0,0,0.03,2071,0,0.76,0,0,0,0,0,0.0031,0.0031,0,0,0,0,0,0,0,0,0,1.77,0.6,0,0,0,0,0,0,0,0
230931D3FF8D811DADBE78F1BA3B1397B7FF68C4B95CBE098D32AC5ABBBB0909,2024,0.736321674,482.2300451,361.5263625,32.20008366,757.36 s,69.27 MB,1,571.666667,885.8,1271.3,0.65,352,321,1,0.054,4.3,13.9,25.6,0,0,0.032,2067,0,0.77,0,0,0,0,0,0.0021,0.0031,0,0,0,0,0,0,0,0,0,2.13,0.5,0,0,0,0,0,0,0,0
230931D3FF8D811DADBE78F1BA3B1397B7FF68C4B95CBE098D32AC5ABBBB0909,2023,0.830065256,378.7663583,285.3970658,33.25697904,774.7 s,88.86 MB,0.94,571.666667,993.5,1666.3,1.17,404,215,1.06,0.053,3.3,15,27.3,0,0,0.033,2076,0,0.78,0,0,0,0,0,0.0031,0.0036,0,0,0,0,0,0,0,0,0,1.92,0.58,0,0,0,0,0,0,0,0
230931D3FF8D811DADBE78F1BA3B1397B7FF68C4B95CBE098D32AC5ABBBB0909,2022,0.866776665,303.9357282,233.6795539,33.18092476,502.78 s,153.61 MB,0.98,571.666667,789.6,1626.7,1.12,274,267,1.02,0.04,4.5,14.9,21.7,0,0,0.032,1900,0,0.78,0,0,0,0,0,0.0023,0.0031,0,0,0,0,0,0,0,0,0,1.51,0.57,0,0,0,0,0,0,0,0
20F2582C0B49E4DA831E958204FCF637E3F577BA1878FB44590159B91ED14999,2024,0.819172837,450.1983083,336.5317543,29.37024852,747.07 s,76.7 MB,0.9,642,638,1761.7,0.64,383,220,1.1,0.052,2,14.7,19.5,0,0,0.03,2097,0,0.77,0,0,0,0,0,0.0022,0.0032,0,0,0,0,0,0,0,0,0,2.9,0.52,0,0,0,0,0,0,0,0
20F2582C0B49E4DA831E958204FCF637E3F577BA1878FB44590159B91ED14999,2023,0.893107302,341.3721004,251.9964882,27.7124566,775.44 s,150.41 MB,0.91,642,633.8,1335.4,0.42,263,105,1.09,0.04,2.1,10.8,27.5,0,0,0.033,1155,0,0.76,0,0,0,0,0,0.001,0.0037,0,0,0,0,0,0,0,0,0,2.71,0.52,0,0,0,0,0,0,0,0
20F2582C0B49E4DA831E958204FCF637E3F577BA1878FB44590159B91ED14999,2022,0.939685721,262.4182218,183.023556,31.28795707,496.11 s,158.55 MB,0.76,642,682.8,1610.8,0.84,315,62,1.24,0.042,3.1,13.2,24.2,0,0,0.027,841,0,0.76,0,0,0,0,0,0.0011,0.0034,0,0,0,0,0,0,0,0,0,2.58,0.6,0,0,0,0,0,0,0,0
1EC6182F24359D26E76E60BC6A9D7552C29D8EFA5CE9127E2F8D3F31880AAD1B,2024,0.686540173,594.1028969,451.2562098,49.52298117,739.46 s,141.91 MB,0.98,282,736.1,1429.5,1.11,295,278,1.02,0.053,2.1,14.1,26.6,0,0,0.032,2044,0,0.75,0,0,0,0,0,0.0028,0.0035,0,0,0,0,0,0,0,0,0,1.58,0.6,0,0,0,0,0,0,0,0
1EC6182F24359D26E76E60BC6A9D7552C29D8EFA5CE9127E2F8D3F31880AAD1B,2023,0.735594836,523.9218533,375.1777227,51.52850067,792.49 s,86.48 MB,0.71,282,955.9,1830.9,0.82,265,107,1.29,0.042,3,12,26.2,0,0,0.033,2063,0,0.78,0,0,0,0,0,0.0027,0.0038,0,0,0,0,0,0,0,0,0,2.64,0.6,0,0,0,0,0,0,0,0
1EC6182F24359D26E76E60BC6A9D7552C29D8EFA5CE9127E2F8D3F31880AAD1B,2022,0.821243968,404.0603068,293.1747868,55.30246077,499.2 s,158.5 MB,0.59,282,993.2,1811.1,1.19,245,104,1.41,0.037,2.2,14.8,22.8,0,0,0.031,1773,0,0.76,0,0,0,0,0,0.0034,0.0037,0,0,0,0,0,0,0,0,0,2.94,0.55,0,0,0,0,0,0,0,0
1E5C7D852FCB70FBDD6F2B63B02E3EF645BE95854713924B02D252C461ED176C,2024,0.703527841,455.4921182,377.6593004,28.40320615,779.27 s,140.05 MB,0.92,368.666667,695.5,1526.9,0.52,238,112,1.08,0.046,2,13.5,20.4,0,0,0.032,2068,0,0.78,0,0,0,0,0,0.0025,0.0027,0,0,0,0,0,0,0,0,0,2.64,0.52,0,0,0,0,0,0,0,0
1E5C7D852FCB70FBDD6F2B63B02E3EF645BE95854713924B02D252C461ED176C,2023,0.81410964,384.9450352,328.6388445,27.05101257,723.03 s,148.72 MB,0.5,368.666667,764.2,1839.3,0.6,466,37,1.5,0.055,5,8.3,19,0,0,0.033,981,0,0.72,0,0,0,0,0,0.0011,0.0015,0,0,0,0,0,0,0,0,0,2.62,0.22,0,0,0,0,0,0,0,0
1E5C7D852FCB70FBDD6F2B63B02E3EF645BE95854713924B02D252C461ED176C,2022,0.852185376,346.0624481,275.042812,27.23547622,507.56 s,157.7 MB,0.65,368.666667,883.1,1849.8,0.6,332,25,1.35,0.053,4.3,9.1,19.7,0,0,0.028,671,0,0.78,0,0,0,0,0,0.0014,0.0006,0,0,0,0,0,0,0,0,0,2.82,0.49,0,0,0,0,0,0,0,0
1C1FB6ADBFD5B209BAFC966EEBBC3CC967CEEF0085FA61E39F1B34776BD34F4D,2024,0.726094575,500.0634456,397.4037236,27.57642552,774.24 s,137.58 MB,0.96,236,903.4,1710.6,0.7,200,3,1.04,0.053,2.1,15,21.7,0,0,0.033,1228,0,0.72,0,0,0,0,0,0.001,0.0039,0,0,0,0,0,0,0,0,0,1.66,0.59,0,0,0,0,0,0,0,0
1C1FB6ADBFD5B209BAFC966EEBBC3CC967CEEF0085FA61E39F1B34776BD34F4D,2023,0.732743699,508.0124187,391.0279574,29.54010487,712.91 s,148.53 MB,0.64,236,773.1,1731.2,1.04,213,4,1.36,0.054,2,12.6,21.3,0,0,0.033,1826,0,0.78,0,0,0,0,0,0.0029,0.004,0,0,0,0,0,0,0,0,0,2.45,0.58,0,0,0,0,0,0,0,0
1C1FB6ADBFD5B209BAFC966EEBBC3CC967CEEF0085FA61E39F1B34776BD34F4D,2022,0.737075905,517.2580702,422.091705,36.20771565,525.37 s,156.42 MB,0.95,236,615.2,1335.2,1.06,200,84,1.05,0.054,4.6,8.4,22.1,0,0,0.033,783,0,0.72,0,0,0,0,0,0.001,0.0015,0,0,0,0,0,0,0,0,0,1.04,0.6,0,0,0,0,0,0,0,0
1A06042517EC6061D5B0825F9B539DA584729DC94209A04982875840895C721B,2024,0.743286292,595.2256833,468.7348508,53.00598684,761.9 s,78.08 MB,0.83,354.333333,933.5,1836.6,1.07,251,74,1.17,0.055,2.1,14.2,23,0,0,0.032,773,0,0.78,0,0,0,0,0,0.001,0.0039,0,0,0,0,0,0,0,0,0,1.71,0.57,0,0,0,0,0,0,0,0
1A06042517EC6061D5B0825F9B539DA584729DC94209A04982875840895C721B,2023,0.839199471,457.9656607,363.0052333,50.87382299,714.36 s,147.16 MB,0.7,354.333333,989.7,1790.8,1.2,200,47,1.3,0.053,4.4,11.8,27.8,0,0,0.032,611,0,0.78,0,0,0,0,0,0.0012,0.0005,0,0,0,0,0,0,0,0,0,1.54,0.41,0,0,0,0,0,0,0,0
1A06042517EC6061D5B0825F9B539DA584729DC94209A04982875840895C721B,2022,0.904641236,365.7870748,296.8379839,60.96572127,512.57 s,156.59 MB,0.59,354.333333,600.2,1798.4,0.89,221,87,1.41,0.054,3.1,11.6,27.2,0,0,0.031,663,0,0.7,0,0,0,0,0,0.0014,0.0005,0,0,0,0,0,0,0,0,0,2.7,0.51,0,0,0,0,0,0,0,0
0D023EA028C051CDB0234B67C2CF4AC06E1571560D8D4FA5BFA3F28F74CEC961,2024,0.650027848,586.4254496,458.7267902,35.20297897,775.87 s,139.0 MB,0.71,619.333333,935.7,1793.8,0.51,264,253,1.29,0.053,2.1,8.3,20.7,0,0,0.033,962,0,0.78,0,0,0,0,0,0.0013,0.0022,0,0,0,0,0,0,0,0,0,2.41,0.52,0,0,0,0,0,0,0,0
0D023EA028C051CDB0234B67C2CF4AC06E1571560D8D4FA5BFA3F28F74CEC961,2023,0.71128429,518.852206,402.8086723,35.44114418,735.2 s,149.64 MB,0.66,619.333333,934.9,1807,0.97,212,108,1.34,0.055,3.4,8.9,26.2,0,0,0.031,655,0,0.73,0,0,0,0,0,0.001,0.0029,0,0,0,0,0,0,0,0,0,1.65,0.57,0,0,0,0,0,0,0,0
0D023EA028C051CDB0234B67C2CF4AC06E1571560D8D4FA5BFA3F28F74CEC961,2022,0.879704342,346.7368572,257.7014598,30.74615959,527.58 s,152.64 MB,0.94,619.333333,737.2,1643.5,1.11,209,206,1.06,0.055,4.5,8.7,26.3,0,0,0.033,745,0,0.76,0,0,0,0,0,0.0039,0.0008,0,0,0,0,0,0,0,0,0,1.69,0.6,0,0,0,0,0,0,0,0
0C90C454A53DCBA5C8C081995BCEAF59C5E9FBD92A762A19DB0F1A3206F9743A,2024,0.721328192,603.3883632,464.5845418,47.6156047,797.48 s,80.72 MB,0.94,889.666667,953.9,1829.6,1.16,319,248,1.06,0.049,2,11.1,21.1,0,0,0.033,1916,0,0.78,0,0,0,0,0,0.0016,0.0034,0,0,0,0,0,0,0,0,0,1.09,0.6,0,0,0,0,0,0,0,0
0C90C454A53DCBA5C8C081995BCEAF59C5E9FBD92A762A19DB0F1A3206F9743A,2023,0.783521369,558.745015,413.4201346,49.10875157,736.21 s,150.39 MB,0.97,889.666667,620.9,1323.6,0.98,337,186,1.03,0.052,2.1,14.2,23.5,0,0,0.03,2099,0,0.75,0,0,0,0,0,0.0024,0.003,0,0,0,0,0,0,0,0,0,2.1,0.59,0,0,0,0,0,0,0,0
0C90C454A53DCBA5C8C081995BCEAF59C5E9FBD92A762A19DB0F1A3206F9743A,2022,0.819634041,376.1941856,283.9636216,50.44178984,526.3 s,158.67 MB,1,889.666667,793.2,1837.1,0.59,364,192,1,0.054,5,14.7,21.3,0,0,0.033,1186,0,0.76,0,0,0,0,0,0.001,0.0036,0,0,0,0,0,0,0,0,0,2.3,0.48,0,0,0,0,0,0,0,0
0BC0324AA3E12503C1B7086EC3AF7C01FD786AE42B43697741B96656573FF07C,2024,0.718201156,574.2811624,417.2917296,48.9288844,778.03 s,138.55 MB,0.62,486,978.6,1830.2,0.46,266,253,1.38,0.052,2,14.1,21.2,0,0,0.032,1811,0,0.75,0,0,0,0,0,0.001,0.0007,0,0,0,0,0,0,0,0,0,2.33,0.35,0,0,0,0,0,0,0,0
0BC0324AA3E12503C1B7086EC3AF7C01FD786AE42B43697741B96656573FF07C,2023,0.77558152,430.2295171,303.8539762,46.49895724,723.53 s,89.42 MB,0.93,486,997.5,1642.2,0.95,361,308,1.07,0.038,5,14.8,27.3,0,0,0.028,1805,0,0.78,0,0,0,0,0,0.0035,0.004,0,0,0,0,0,0,0,0,0,2.55,0.56,0,0,0,0,0,0,0,0
0BC0324AA3E12503C1B7086EC3AF7C01FD786AE42B43697741B96656573FF07C,2022,0.829055102,315.4834894,239.164357,56.67416592,520.5 s,158.61 MB,0.97,486,602.8,1366.1,0.51,324,316,1.03,0.036,4.4,13.8,23,0,0,0.032,557,0,0.75,0,0,0,0,0,0.001,0.0037,0,0,0,0,0,0,0,0,0,2.79,0.45,0,0,0,0,0,0,0,0
0B233FAFC621B246A3F1577A10FC65DAB5AA100F0F5E71CC2057ED484BDFCC61,2024,0.601069153,793.3495416,586.9275053,54.12052574,789.77 s,81.47 MB,0.93,302,733,1751.7,0.65,600,434,1.07,0.054,3,10.3,19.7,0,0,0.033,2024,0,0.69,0,0,0,0,0,0.0024,0.0032,0,0,0,0,0,0,0,0,0,2.36,0.38,0,0,0,0,0,0,0,0
0B233FAFC621B246A3F1577A10FC65DAB5AA100F0F5E71CC2057ED484BDFCC61,2023,0.776216303,652.6756303,490.3921163,62.44141873,759.12 s,150.22 MB,0.96,302,736.5,1837.8,0.96,498,264,1.04,0.045,2.3,11.9,25,0,0,0.033,677,0,0.78,0,0,0,0,0,0.0036,0.0008,0,0,0,0,0,0,0,0,0,2.13,0.42,0,0,0,0,0,0,0,0
0B233FAFC621B246A3F1577A10FC65DAB5AA100F0F5E71CC2057ED484BDFCC61,2022,0.894450315,457.1185505,313.1018694,63.69489841,527.53 s,139.09 MB,0.91,302,643.7,1795.7,1.2,535,292,1.09,0.055,2.3,14.2,23.5,0,0,0.021,579,0,0.76,0,0,0,0,0,0.0029,0.0009,0,0,0,0,0,0,0,0,0,2.78,0.24,0,0,0,0,0,0,0,0
07C0F2806C0418E89215BD24726EC8944CF8C10FB5665D3802F313748D16CF43,2024,0.78360941,455.3543581,331.7354022,37.26211597,789.07 s,79.73 MB,0.94,417.666667,913.2,1679.2,0.7,234,230,1.06,0.055,2.7,11,26.6,0,0,0.033,2012,0,0.78,0,0,0,0,0,0.0034,0.004,0,0,0,0,0,0,0,0,0,2.83,0.6,0,0,0,0,0,0,0,0
07C0F2806C0418E89215BD24726EC8944CF8C10FB5665D3802F313748D16CF43,2023,0.755982272,479.675196,355.6592178,42.47392618,738.44 s,91.23 MB,0.92,417.666667,974.4,1752.9,0.98,215,210,1.08,0.054,2,13.7,26.2,0,0,0.032,1846,0,0.77,0,0,0,0,0,0.0032,0.0037,0,0,0,0,0,0,0,0,0,2.22,0.58,0,0,0,0,0,0,0,0
07C0F2806C0418E89215BD24726EC8944CF8C10FB5665D3802F313748D16CF43,2022,0.883003532,335.5163339,253.0602796,44.97274091,528.57 s,138.42 MB,1,417.666667,750.5,1695.9,0.84,232,226,1,0.045,2,11.4,21.3,0,0,0.033,526,0,0.77,0,0,0,0,0,0.001,0.004,0,0,0,0,0,0,0,0,0,1.71,0.56,0,0,0,0,0,0,0,0
06488419955FA8E9D2579F44A9C454F5C9597BD41AD80E2608CF6AD10981375D,2024,0.525111798,735.2482949,537.7716768,53.56925233,794.29 s,80.8 MB,1,113.333333,708.1,1302.4,0.83,371,363,1,0.05,4.7,9.6,25.5,0,0,0.032,572,0,0.76,0,0,0,0,0,0.0011,0.0007,0,0,0,0,0,0,0,0,0,1.37,0.6,0,0,0,0,0,0,0,0
06488419955FA8E9D2579F44A9C454F5C9597BD41AD80E2608CF6AD10981375D,2023,0.533216963,636.2124272,448.6938371,59.68797559,741.67 s,90.55 MB,0.97,113.333333,731.5,1223.7,0.83,400,390,1.03,0.044,4.2,8.3,26.1,0,0,0.033,500,0,0.71,0,0,0,0,0,0.001,0.0038,0,0,0,0,0,0,0,0,0,1.44,0.6,0,0,0,0,0,0,0,0
06488419955FA8E9D2579F44A9C454F5C9597BD41AD80E2608CF6AD10981375D,2022,0.680801187,527.3409448,383.2685331,66.87517132,531.25 s,138.59 MB,0.88,113.333333,846.2,1598.1,0.79,386,376,1.12,0.042,2.2,11.4,27.2,0,0,0.032,1233,0,0.76,0,0,0,0,0,0.004,0.0011,0,0,0,0,0,0,0,0,0,2.54,0.58,0,0,0,0,0,0,0,0
00F910EF8809D525CF65738FF091ED756300A4B41E877028F896D1D361EE08F0,2024,0.77347042,482.1454983,350.2939991,36.97634675,780.03 s,80.86 MB,0.95,831,920.8,1469.1,0.98,373,188,1.05,0.053,2,14.6,27.3,0,0,0.032,2006,0,0.78,0,0,0,0,0,0.0027,0.0039,0,0,0,0,0,0,0,0,0,2.16,0.57,0,0,0,0,0,0,0,0
00F910EF8809D525CF65738FF091ED756300A4B41E877028F896D1D361EE08F0,2023,0.791756322,485.6666075,340.2197135,37.34133685,722.31 s,150.42 MB,1,831,820.5,1601.9,0.99,394,381,1,0.053,3.5,11.8,25.3,0,0,0.033,791,0,0.77,0,0,0,0,0,0.003,0.0007,0,0,0,0,0,0,0,0,0,1.63,0.53,0,0,0,0,0,0,0,0
00F910EF8809D525CF65738FF091ED756300A4B41E877028F896D1D361EE08F0,2022,0.849903016,372.5390599,266.4302836,44.21494884,525.2 s,138.12 MB,0.94,831,747.7,1637.8,0.92,296,202,1.06,0.048,4.1,14.8,24.9,0,0,0.033,1542,0,0.73,0,0,0,0,0,0.0037,0.0013,0,0,0,0,0,0,0,0,0,2.9,0.55,0,0,0,0,0,0,0,0